-- Adminer 4.3.1 MySQL dump

SET NAMES utf8;
SET time_zone = '+00:00';
SET foreign_key_checks = 0;
SET sql_mode = 'NO_AUTO_VALUE_ON_ZERO';

DROP TABLE IF EXISTS `antonyms`;
CREATE TABLE `antonyms` (
  `id` int(11) NOT NULL AUTO_INCREMENT,
  `word_id_1` int(11) NOT NULL,
  `word_id_2` int(11) NOT NULL,
  `score` int(11) NOT NULL,
  PRIMARY KEY (`id`),
  KEY `word_id_1` (`word_id_1`),
  KEY `word_id_2` (`word_id_2`),
  CONSTRAINT `antonyms_ibfk_1` FOREIGN KEY (`word_id_1`) REFERENCES `words` (`id`) ON DELETE CASCADE,
  CONSTRAINT `antonyms_ibfk_2` FOREIGN KEY (`word_id_2`) REFERENCES `words` (`id`) ON DELETE CASCADE
) ENGINE=InnoDB DEFAULT CHARSET=utf8 COLLATE=utf8_unicode_ci;

INSERT INTO `antonyms` (`id`, `word_id_1`, `word_id_2`, `score`) VALUES
(8, 10, 15, 50),
(9302,  18, 6,  100),
(9994,  17, 13, 100);

DROP TABLE IF EXISTS `bans`;
CREATE TABLE `bans` (
  `id` int(11) NOT NULL AUTO_INCREMENT,
  `user_id` int(11) NOT NULL,
  `untill` timestamp NOT NULL DEFAULT '0000-00-00 00:00:00' ON UPDATE CURRENT_TIMESTAMP,
  PRIMARY KEY (`id`),
  KEY `user_id` (`user_id`),
  CONSTRAINT `bans_ibfk_1` FOREIGN KEY (`user_id`) REFERENCES `users` (`id`) ON DELETE CASCADE
) ENGINE=InnoDB DEFAULT CHARSET=utf8 COLLATE=utf8_unicode_ci;


DROP TABLE IF EXISTS `classifications`;
CREATE TABLE `classifications` (
  `id` int(11) NOT NULL AUTO_INCREMENT,
  `name` varchar(255) NOT NULL,
  `short_name` varchar(255) NOT NULL,
  `native_hidden_entry` int(11) NOT NULL,
  `native_hidden_entry_short` int(11) NOT NULL,
  PRIMARY KEY (`id`)
) ENGINE=InnoDB DEFAULT CHARSET=latin1;

INSERT INTO `classifications` (`id`, `name`, `short_name`, `native_hidden_entry`, `native_hidden_entry_short`) VALUES
(1, 'common gender',  'cg.',  0,  0),
(2, 'feminine', 'f.', 0,  0),
(3, 'neuter', 'nt.',  0,  0),
(4, 'indefinite', 'indef.', 0,  0),
(5, 'Regular verb', 'rg.',  0,  0),
(6, 'Irregular verb', 'ir. v.', 0,  0),
(7, 'masculine',  'def.', 0,  0),
(8, 'First person', '1',  0,  0),
(9, 'masculine',  '2',  0,  0),
(10,  'masculine',  '3 m.', 0,  0),
(11,  'masculine',  '3 f.', 0,  0),
(12,  'masculine',  '3 n.', 0,  0),
(13,  'masculine',  'cg.',  0,  0);

DROP TABLE IF EXISTS `cognates`;
CREATE TABLE `cognates` (
  `id` int(11) NOT NULL AUTO_INCREMENT,
  `word_id_1` int(11) NOT NULL,
  `word_id_2` int(11) NOT NULL,
  `score` int(11) NOT NULL,
  PRIMARY KEY (`id`),
  KEY `word_id_1` (`word_id_1`),
  KEY `word_id_2` (`word_id_2`),
  CONSTRAINT `cognates_ibfk_1` FOREIGN KEY (`word_id_1`) REFERENCES `words` (`id`) ON DELETE CASCADE,
  CONSTRAINT `cognates_ibfk_2` FOREIGN KEY (`word_id_2`) REFERENCES `words` (`id`) ON DELETE CASCADE
) ENGINE=InnoDB DEFAULT CHARSET=utf8 COLLATE=utf8_unicode_ci;


DROP TABLE IF EXISTS `columns`;
CREATE TABLE `columns` (
  `id` int(11) NOT NULL AUTO_INCREMENT,
  `name` varchar(255) NOT NULL,
  `short_name` varchar(255) NOT NULL,
  `hidden_native_entry` varchar(255) NOT NULL,
  `hidden_native_entry_short` int(11) NOT NULL,
  PRIMARY KEY (`id`)
) ENGINE=InnoDB DEFAULT CHARSET=latin1;

INSERT INTO `columns` (`id`, `name`, `short_name`, `hidden_native_entry`, `hidden_native_entry_short`) VALUES
(3, 'positive', 'pos.', '0',  0),
(4, 'comparative',  'comp.',  '0',  0),
(5, 'superlative',  'sl.',  '0',  0);

SET NAMES utf8mb4;

DROP TABLE IF EXISTS `column_apply`;
CREATE TABLE `column_apply` (
  `id` int(11) NOT NULL AUTO_INCREMENT,
  `column_id` int(11) NOT NULL,
  `mode_id` int(11) NOT NULL,
  PRIMARY KEY (`id`),
  KEY `column_id` (`column_id`),
  KEY `mode_id` (`mode_id`),
  CONSTRAINT `column_apply_ibfk_1` FOREIGN KEY (`column_id`) REFERENCES `columns` (`id`) ON DELETE CASCADE,
  CONSTRAINT `column_apply_ibfk_2` FOREIGN KEY (`mode_id`) REFERENCES `modes` (`id`) ON DELETE CASCADE
) ENGINE=InnoDB DEFAULT CHARSET=utf8mb4 COLLATE=utf8mb4_unicode_ci;

INSERT INTO `column_apply` (`id`, `column_id`, `mode_id`) VALUES
(3, 3,  26),
(4, 4,  26),
(6, 5,  26);

DROP TABLE IF EXISTS `config`;
CREATE TABLE `config` (
  `id` int(11) NOT NULL AUTO_INCREMENT,
  `SETTING_NAME` text COLLATE utf8mb4_unicode_ci NOT NULL,
  `SETTING_VALUE` text CHARACTER SET utf8 COLLATE utf8_unicode_ci NOT NULL,
  PRIMARY KEY (`id`)
) ENGINE=InnoDB DEFAULT CHARSET=utf8mb4 COLLATE=utf8mb4_unicode_ci;

INSERT INTO `config` (`id`, `SETTING_NAME`, `SETTING_VALUE`) VALUES
(1, 'ENABLE_QUERY_CACHING', '0'),
(2, 'QC_TIME',  '100000'),
(3, 'SITE_TITLE', 'Donut'),
(4, 'LOGO_TITLE', 'Example Dictionary'),
(5, 'HOMEPAGE', 'home'),
(12,  'SITE_DESC',  ''),
(13,  'ACTIVE_LOCALE',  'English'),
(14,  'ENABLE_REGISTER',  '1'),
(15,  'REGISTER_DEFAULT_ROLE',  '3'),
(16,  'ENABLE_DEFINITIONS', '1'),
(17,  'LOGO_SYMBOL',  '[/]'),
(18,  'MAIL_FROM',  'noreply@localhost'),
(19,  'ENABLE_ACTIVATION_MAIL', '1'),
(20,  'ENABLE_TOS', '1'),
(21,  'MAIL_FROM_NAME', 'Donut dictionary'),
(22,  'REGISTER_ADMIN_ACTIVATION',  '0'),
(23,  'PAGE_MARGIN',  '8.5'),
(24,  'ALWAYS_SHOW_LAST_UPDATE',  '0'),
(25,  'PERMISSION_CREATE_LEMMAS', '-3');

DROP TABLE IF EXISTS `etymology`;
CREATE TABLE `etymology` (
  `id` int(11) NOT NULL AUTO_INCREMENT,
  `word_id` int(11) NOT NULL,
  `desc` text NOT NULL,
  `first_attestation` varchar(255) NOT NULL,
  PRIMARY KEY (`id`),
  KEY `word_id` (`word_id`),
  CONSTRAINT `etymology_ibfk_2` FOREIGN KEY (`word_id`) REFERENCES `words` (`id`) ON DELETE CASCADE,
  CONSTRAINT `etymology_ibfk_3` FOREIGN KEY (`word_id`) REFERENCES `words` (`id`) ON DELETE CASCADE
) ENGINE=InnoDB DEFAULT CHARSET=latin1;

INSERT INTO `etymology` (`id`, `word_id`, `desc`, `first_attestation`) VALUES
(1, 1,  '`gebouw als woning’\r\nOnl. in plaatsnamen, bijv. Bidningahusum (onbekende ligging in Gelderland) [793, kopie 10e eeuw; Künzel]; h?s ‘huis, hoeve’ [10e eeuw; W.Ps.]; mnl. huus ‘woonhuis’, in sint ic in uwe hus quam ‘sinds ik in uw huis kwam’ [1201-25; CG II, Floyr.], hus ‘gebouw, woonhuis’ [1240; Bern.]', '793');

DROP TABLE IF EXISTS `graphemes`;
CREATE TABLE `graphemes` (
  `id` int(11) NOT NULL AUTO_INCREMENT,
  `grapheme` varchar(255) CHARACTER SET utf8 COLLATE utf8_unicode_ci NOT NULL,
  `uppercase` varchar(255) CHARACTER SET utf8 COLLATE utf8_unicode_ci NOT NULL DEFAULT '',
  `in_alphabet` int(11) NOT NULL DEFAULT '1',
  `ipa` varchar(8) CHARACTER SET utf8 COLLATE utf8_unicode_ci NOT NULL,
  `quality` varchar(8) CHARACTER SET utf8 COLLATE utf8_unicode_ci NOT NULL,
  `sorter` int(11) NOT NULL,
  PRIMARY KEY (`id`),
  KEY `grapheme` (`grapheme`)
) ENGINE=InnoDB DEFAULT CHARSET=utf8mb4 COLLATE=utf8mb4_unicode_ci;

INSERT INTO `graphemes` (`id`, `grapheme`, `uppercase`, `in_alphabet`, `ipa`, `quality`, `sorter`) VALUES
(41,  'a',  'A',  1,  '', '', 0),
(42,  'b',  'B',  1,  '', '', 0),
(43,  'c',  'C',  1,  '', '', 0),
(44,  'd',  'D',  1,  '', '', 0),
(45,  'e',  'E',  1,  '', '', 0),
(46,  'f',  'F',  1,  '', '', 0),
(47,  'g',  'G',  1,  '', '', 0),
(48,  'h',  'H',  1,  '', '', 0),
(49,  'i',  'I',  1,  '', '', 0),
(50,  'j',  'J',  1,  '', '', 0),
(51,  'k',  'K',  1,  '', '', 0),
(52,  'l',  'L',  1,  '', '', 0),
(53,  'm',  'M',  1,  '', '', 0),
(54,  'n',  'N',  1,  '', '', 0),
(55,  'o',  'O',  1,  '', '', 0),
(56,  'p',  'P',  1,  '', '', 0),
(57,  'q',  'Q',  1,  '', '', 0),
(58,  'r',  'R',  1,  '', '', 0),
(59,  's',  'S',  1,  '', '', 0),
(60,  't',  'T',  1,  '', '', 0),
(61,  'u',  'U',  1,  '', '', 0),
(62,  'v',  'V',  1,  '', '', 0),
(63,  'w',  'W',  1,  '', '', 0),
(64,  'x',  'X',  1,  '', '', 0),
(65,  'y',  'Y',  1,  '', '', 0),
(66,  'z',  'Z',  1,  '', '', 0);

DELIMITER ;;

CREATE TRIGGER `graphemes_uc` BEFORE INSERT ON `graphemes` FOR EACH ROW
BEGIN
  IF (NEW.uppercase IS NULL OR NEW.uppercase = '') THEN
    SET NEW.uppercase = UCASE(NEW.grapheme);
  END IF;
END;;

CREATE TRIGGER `graphemes_bu` BEFORE UPDATE ON `graphemes` FOR EACH ROW
BEGIN
  IF (NEW.uppercase IS NULL OR NEW.uppercase = '') THEN
    SET NEW.uppercase = UCASE(NEW.grapheme);
  END IF;
END;;

DELIMITER ;

DROP TABLE IF EXISTS `graphemes_groups`;
CREATE TABLE `graphemes_groups` (
  `id` int(11) NOT NULL AUTO_INCREMENT,
  `grapheme` varchar(255) COLLATE utf8mb4_unicode_ci NOT NULL,
  `groupstring` varchar(255) COLLATE utf8mb4_unicode_ci NOT NULL,
  PRIMARY KEY (`id`),
  KEY `grapheme` (`grapheme`(191))
) ENGINE=InnoDB DEFAULT CHARSET=utf8mb4 COLLATE=utf8mb4_unicode_ci;

INSERT INTO `graphemes_groups` (`id`, `grapheme`, `groupstring`) VALUES
(79,  'a',  'VOW'),
(80,  'b',  'CON'),
(81,  'c',  'CON'),
(82,  'd',  'CON'),
(83,  'e',  'VOW'),
(84,  'f',  'CON'),
(85,  'g',  'CON'),
(86,  'h',  'CON'),
(87,  'i',  'VOW'),
(88,  'j',  'CON'),
(89,  'k',  'CON'),
(90,  'l',  'CON'),
(91,  'm',  'CON'),
(92,  'n',  'CON'),
(93,  'o',  'VOW'),
(94,  'p',  'CON'),
(95,  'q',  'CON'),
(96,  'r',  'CON'),
(97,  's',  'CON'),
(98,  't',  'CON'),
(99,  'u',  'VOW'),
(100, 'v',  'CON'),
(101, 'w',  'CON'),
(102, 'x',  'CON'),
(103, 'y',  'VOW'),
(104, 'z',  'CON');

DROP TABLE IF EXISTS `homophones`;
CREATE TABLE `homophones` (
  `id` int(11) NOT NULL AUTO_INCREMENT,
  `word_id_1` int(11) NOT NULL,
  `word_id_2` int(11) NOT NULL,
  `score` int(11) NOT NULL DEFAULT '100',
  PRIMARY KEY (`id`),
  KEY `word_id_1` (`word_id_1`),
  KEY `word_id_2` (`word_id_2`),
  CONSTRAINT `homophones_ibfk_1` FOREIGN KEY (`word_id_1`) REFERENCES `words` (`id`) ON DELETE CASCADE,
  CONSTRAINT `homophones_ibfk_2` FOREIGN KEY (`word_id_2`) REFERENCES `words` (`id`) ON DELETE CASCADE
) ENGINE=InnoDB DEFAULT CHARSET=utf8mb4 COLLATE=utf8mb4_unicode_ci;


DROP TABLE IF EXISTS `idioms`;
CREATE TABLE `idioms` (
  `id` int(11) NOT NULL AUTO_INCREMENT,
  `idiom` text CHARACTER SET utf8 COLLATE utf8_unicode_ci NOT NULL,
  `user_id` int(11) NOT NULL,
  `created_on` timestamp NOT NULL DEFAULT CURRENT_TIMESTAMP ON UPDATE CURRENT_TIMESTAMP,
  PRIMARY KEY (`id`),
  KEY `user_id` (`user_id`),
  CONSTRAINT `idioms_ibfk_1` FOREIGN KEY (`user_id`) REFERENCES `users` (`id`),
  CONSTRAINT `idioms_ibfk_2` FOREIGN KEY (`user_id`) REFERENCES `users` (`id`) ON DELETE NO ACTION
) ENGINE=InnoDB DEFAULT CHARSET=utf8mb4 COLLATE=utf8mb4_unicode_ci;

INSERT INTO `idioms` (`id`, `idiom`, `user_id`, `created_on`) VALUES
(1, 'man en vrouw', 1,  '2017-04-17 10:12:53'),
(2, 'Als kat en hond leven',  1,  '2017-04-17 10:12:53'),
(3, 'De kat uit de boom kijken',  1,  '2017-04-17 10:12:53'),
(4, 'Een kat in de zak kopen.', 1,  '2017-04-17 10:12:53'),
(5, 'Ik heb daar wel een mannetje voor.', 0,  '2017-05-15 12:54:49'),
(6, 'de boot afhouden', 0,  '2017-05-31 18:26:42'),
(7, 'de boot is aan', 0,  '2017-05-31 18:26:50'),
(8, 'uit de boot vallen', 0,  '2017-05-31 18:26:59'),
(9, 'We varen in het weekend met onze boot.', 0,  '2017-05-31 18:27:25'),
(10,  'Het mannatje bouwt een nest.', 0,  '2017-06-07 14:33:33'),
(11,  'Man, man, man, wat een weer',  0,  '2017-06-09 01:07:14'),
(12,  'Maak dat de kat wijs', 0,  '2017-08-07 13:13:44');

DROP TABLE IF EXISTS `idiom_translations`;
CREATE TABLE `idiom_translations` (
  `id` int(11) NOT NULL AUTO_INCREMENT,
  `idiom_id` int(11) NOT NULL,
  `language_id` int(11) NOT NULL,
  `translation` varchar(255) COLLATE utf8mb4_unicode_ci NOT NULL,
  `specification` varchar(255) COLLATE utf8mb4_unicode_ci NOT NULL,
  PRIMARY KEY (`id`),
  KEY `idiom_id` (`idiom_id`),
  KEY `language_id` (`language_id`),
  CONSTRAINT `idiom_translations_ibfk_1` FOREIGN KEY (`idiom_id`) REFERENCES `idioms` (`id`),
  CONSTRAINT `idiom_translations_ibfk_2` FOREIGN KEY (`language_id`) REFERENCES `languages` (`id`),
  CONSTRAINT `idiom_translations_ibfk_3` FOREIGN KEY (`idiom_id`) REFERENCES `idioms` (`id`) ON DELETE CASCADE,
  CONSTRAINT `idiom_translations_ibfk_4` FOREIGN KEY (`language_id`) REFERENCES `languages` (`id`) ON DELETE CASCADE
) ENGINE=InnoDB DEFAULT CHARSET=utf8mb4 COLLATE=utf8mb4_unicode_ci;

INSERT INTO `idiom_translations` (`id`, `idiom_id`, `language_id`, `translation`, `specification`) VALUES
(1, 1,  1,  'husband and wife', ''),
(3, 3,  1,  'See which way the wind blows', ''),
(4, 2,  1,  'To live like cat and dog / fight a lot', ''),
(5, 4,  1,  'buying a pig in a poke', '');

DROP TABLE IF EXISTS `idiom_words`;
CREATE TABLE `idiom_words` (
  `id` int(11) NOT NULL AUTO_INCREMENT,
  `idiom_id` int(11) NOT NULL,
  `word_id` int(11) NOT NULL,
  `keyword` varchar(255) COLLATE utf8mb4_unicode_ci NOT NULL,
  PRIMARY KEY (`id`),
  KEY `idiom_id` (`idiom_id`),
  KEY `word_id` (`word_id`),
  CONSTRAINT `idiom_words_ibfk_4` FOREIGN KEY (`idiom_id`) REFERENCES `idioms` (`id`),
  CONSTRAINT `idiom_words_ibfk_5` FOREIGN KEY (`word_id`) REFERENCES `words` (`id`) ON DELETE CASCADE
) ENGINE=InnoDB DEFAULT CHARSET=utf8mb4 COLLATE=utf8mb4_unicode_ci;

INSERT INTO `idiom_words` (`id`, `idiom_id`, `word_id`, `keyword`) VALUES
(6, 1,  13, 'vrouw'),
(7, 3,  6,  'kat'),
(8, 4,  6,  'kat'),
(9, 6,  9,  'boot'),
(10,  7,  9,  'boot'),
(11,  9,  9,  'boot'),
(12,  8,  9,  'boot'),
(13,  5,  21, 'ik'),
(15,  5,  22, 'heb'),
(18,  3,  34, 'boom'),
(1401,  1,  17, 'man'),
(1402,  12, 6,  'kat');

DROP TABLE IF EXISTS `languages`;
CREATE TABLE `languages` (
  `id` int(11) NOT NULL AUTO_INCREMENT,
  `name` varchar(255) CHARACTER SET utf8 COLLATE utf8_unicode_ci NOT NULL,
  `showname` varchar(255) CHARACTER SET utf8 COLLATE utf8_unicode_ci NOT NULL,
  `hidden_native_entry` int(11) NOT NULL,
  `flag` varchar(255) CHARACTER SET utf8 COLLATE utf8_unicode_ci NOT NULL,
  `activated` int(11) NOT NULL,
  `locale` varchar(8) CHARACTER SET utf8 COLLATE utf8_unicode_ci NOT NULL,
  `color` varchar(255) CHARACTER SET utf8 COLLATE utf8_unicode_ci NOT NULL,
  PRIMARY KEY (`id`)
) ENGINE=InnoDB DEFAULT CHARSET=latin1;

INSERT INTO `languages` (`id`, `name`, `showname`, `hidden_native_entry`, `flag`, `activated`, `locale`, `color`) VALUES
(0, 'Dutch',  'Dutch',  0,  'nl.png', 1,  'NL', '#3B66D6'),
(1, 'English',  'English',  0,  'gb.png', 1,  'EN', '#D33B3B'),
(15,  'Swedish',  'Swedish',  0,  'se.png', 1,  'SE', '#E5C839');

DROP TABLE IF EXISTS `lemmatization`;
CREATE TABLE `lemmatization` (
  `id` int(11) NOT NULL AUTO_INCREMENT,
  `inflected_form` varchar(255) CHARACTER SET utf8 COLLATE utf8_unicode_ci NOT NULL,
  `hash` varchar(255) CHARACTER SET utf8 COLLATE utf8_unicode_ci NOT NULL,
  `lemma_id` int(11) NOT NULL,
  PRIMARY KEY (`id`),
  KEY `lemma_id` (`lemma_id`),
  CONSTRAINT `lemmatization_ibfk_1` FOREIGN KEY (`lemma_id`) REFERENCES `words` (`id`) ON DELETE CASCADE
) ENGINE=InnoDB DEFAULT CHARSET=utf8mb4 COLLATE=utf8mb4_unicode_ci;

INSERT INTO `lemmatization` (`id`, `inflected_form`, `hash`, `lemma_id`) VALUES
(94,  'vossen', '3_1_1',  23),
(95,  'de vos', '1_2_1',  23),
(96,  'de vossen',  '3_2_1',  23),
(97,  'een vosje',  '1_1_23', 23),
(98,  'vosjes', '3_1_23', 23),
(99,  'het vosje',  '1_2_23', 23),
(100, 'de vosjes',  '3_2_23', 23),
(107, 'vrouwwen', '3_1_1',  13),
(108, 'de vrouw', '1_2_1',  13),
(109, 'de vrouwwen',  '3_2_1',  13),
(110, 'een vrouwje',  '1_1_23', 13),
(111, 'vrouwjes', '3_1_23', 13),
(112, 'het vrouwje',  '1_2_23', 13),
(113, 'de vrouwjes',  '3_2_23', 13),
(121, 'flessen',  '3_1_1',  27),
(122, 'de fles',  '1_2_1',  27),
(123, 'de flessen', '3_2_1',  27),
(124, 'een flesje', '1_1_23', 27),
(125, 'flesjes',  '3_1_23', 27),
(126, 'het flesje', '1_2_23', 27),
(127, 'de flesjes', '3_2_23', 27),
(136, 'de fitheid', '1_2_1',  32),
(138, 'een fitheidje',  '1_1_23', 32),
(139, 'fitheidjes', '3_1_23', 32),
(140, 'het fitheidje',  '1_2_23', 32),
(141, 'de fitheidjes',  '3_2_23', 32),
(142, 'fitheden', '3_1_1',  32),
(143, 'de fitheden',  '3_2_1',  32),
(151, 'slaapkamerren',  '3_1_1',  2),
(152, 'de slaapkamer',  '1_2_1',  2),
(153, 'de slaapkamerren', '3_2_1',  2),
(154, 'een slaapkamerje', '1_1_23', 2),
(155, 'slaapkamerjes',  '3_1_23', 2),
(156, 'het slaapkamerje', '1_2_23', 2),
(157, 'de slaapkamerjes', '3_2_23', 2),
(174, 'vossinnen',  '3_1_1',  24),
(175, 'de vossin',  '1_2_1',  24),
(176, 'de vossinnen', '3_2_1',  24),
(177, 'een vossinje', '1_1_23', 24),
(178, 'vossinjes',  '3_1_23', 24),
(179, 'het vossinje', '1_2_23', 24),
(180, 'de vossinjes', '3_2_23', 24),
(188, 'zeil', '11_10_7',  19),
(189, 'zeilt',  '12_10_7',  19),
(190, 'zeilt',  '13_10_7',  19),
(197, 'landden',  '3_1_1',  8),
(198, 'landden',  '3_2_1',  8),
(199, 'een landje', '1_1_23', 8),
(200, 'landjes',  '3_1_23', 8),
(201, 'het landje', '1_2_23', 8),
(202, 'de landjes', '3_2_23', 8),
(268, 'ben',  '11_10_7',  35),
(269, 'bent', '12_10_7',  35),
(270, 'is', '13_10_7',  35),
(288, 'maannen',  '3_1_1',  33),
(289, 'de maan',  '1_2_1',  33),
(290, 'de maannen', '3_2_1',  33),
(319, 'verloss',  '11_10_7',  3),
(320, 'verlosst', '12_10_7',  3),
(321, 'verlosst', '13_10_7',  3),
(329, 'boommen',  '3_1_1',  34),
(330, 'de boom',  '1_2_1',  34),
(331, 'de boommen', '3_2_1',  34),
(332, 'een boompje',  '1_1_23', 34),
(333, 'boompjeen',  '3_1_23', 34),
(334, 'het boompje',  '1_2_23', 34),
(335, 'de boompjeen', '3_2_23', 34),
(336, 'een maantje',  '1_1_23', 33),
(337, 'maantjes', '3_1_23', 33),
(338, 'het maantje',  '1_2_23', 33),
(339, 'de maantjes',  '3_2_23', 33),
(354, 'kussennen',  '3_1_1',  39),
(355, 'kussennen',  '3_2_1',  39),
(356, 'een kussenje', '1_1_23', 39),
(357, 'kussenjes',  '3_1_23', 39),
(358, 'het kussenje', '1_2_23', 39),
(359, 'de kussenjes', '3_2_23', 39),
(366, 'huissen',  '3_1_1',  1),
(367, 'huissen',  '3_2_1',  1),
(368, 'een huisje', '1_1_23', 1),
(369, 'huisjes',  '3_1_23', 1),
(370, 'het huisje', '1_2_23', 1),
(371, 'de huisjes', '3_2_23', 1),
(372, 'hondden',  '3_1_1',  18),
(373, 'de hond',  '1_2_1',  18),
(374, 'de hondden', '3_2_1',  18),
(375, 'een hondje', '1_1_23', 18),
(376, 'hondjes',  '3_1_23', 18),
(377, 'het hondje', '1_2_23', 18),
(378, 'de hondjes', '3_2_23', 18),
(413, 'blauwwen', '3_1_1',  45),
(414, 'de blauw', '1_2_1',  45),
(415, 'de blauwwen',  '3_2_1',  45),
(416, 'een blauwje',  '1_1_23', 45),
(417, 'blauwjes', '3_1_23', 45),
(418, 'het blauwje',  '1_2_23', 45),
(419, 'de blauwjes',  '3_2_23', 45),
(438, 'raammen',  '3_1_1',  50),
(439, 'raammen',  '3_2_1',  50),
(440, 'een raampje',  '1_1_23', 50),
(441, 'raampjeen',  '3_1_23', 50),
(442, 'het raampje',  '1_2_23', 50),
(443, 'de raampjeen', '3_2_23', 50),
(451, 'ezellen',  '3_1_1',  16),
(452, 'de ezel',  '1_2_1',  16),
(453, 'de ezellen', '3_2_1',  16),
(454, 'een ezelje', '1_1_23', 16),
(455, 'ezeljes',  '3_1_23', 16),
(456, 'het ezelje', '1_2_23', 16),
(457, 'de ezeljes', '3_2_23', 16),
(458, 'echtgenootten',  '3_1_1',  12),
(459, 'de echtgenoot',  '1_2_1',  12),
(460, 'de echtgenootten', '3_2_1',  12),
(461, 'een echtgenootje', '1_1_23', 12),
(462, 'echtgenootjes',  '3_1_23', 12),
(463, 'het echtgenootje', '1_2_23', 12),
(464, 'de echtgenootjes', '3_2_23', 12),
(479, 'katten', '3_1_1',  6),
(480, 'de kat', '1_2_1',  6),
(481, 'de katten',  '3_2_1',  6),
(482, 'een katje',  '1_1_23', 6),
(483, 'katjes', '3_1_23', 6),
(484, 'het katje',  '1_2_23', 6),
(485, 'de katjes',  '3_2_23', 6),
(512, 'het mannetje', '1_2_23', 17),
(513, 'de mannetjes', '3_2_23', 17),
(540, 'hypocrietten', '3_1_1',  61),
(541, 'de hypocriet', '1_2_1',  61),
(542, 'de hypocrietten',  '3_2_1',  61),
(543, 'een hypocrietje',  '1_1_23', 61),
(544, 'hypocrietjes', '3_1_23', 61),
(561, 'de man', '1_2_1',  17),
(562, 'de mannen',  '3_2_1',  17),
(563, 'een mannetje', '1_1_23', 17),
(564, 'mannetjes',  '3_1_23', 17),
(567, 'paardden', '3_1_1',  15),
(568, 'paardden', '3_2_1',  15),
(569, 'een paardje',  '1_1_23', 15),
(570, 'paardjes', '3_1_23', 15),
(571, 'zonnebloemmen',  '3_1_1',  31),
(572, 'de zonnebloem',  '1_2_1',  31),
(573, 'de zonnebloemmen', '3_2_1',  31),
(574, 'een zonnebloemetje', '1_1_23', 31),
(603, 'geelst', '1_12_26',  46),
(604, 'geelst', '3_12_26',  46),
(605, 'geilst', '1_12_26',  64),
(606, 'geilst', '3_12_26',  64),
(607, 'leukst', '1_12_26',  63),
(608, 'leukst', '3_12_26',  63),
(609, 'leukst', '1_-1_26',  63),
(610, 'leukst', '3_-1_26',  63),
(611, 'geilst', '1_-1_26',  64),
(612, 'geilst', '3_-1_26',  64),
(613, 'geelst', '1_-1_26',  46),
(614, 'geelst', '3_-1_26',  46),
(615, 'mannen', '3_1_1',  17),
(616, 'appellen', '3_1_1',  40),
(617, 'de appel', '1_2_1',  40),
(618, 'de appellen',  '3_2_1',  40),
(619, 'een appelje',  '1_1_23', 40),
(620, 'appeljes', '3_1_23', 40),
(621, 'bootten',  '3_1_1',  9),
(622, 'de boot',  '1_2_1',  9),
(623, 'de bootten', '3_2_1',  9),
(624, 'een bootje', '1_1_23', 9),
(625, 'bootjes',  '3_1_23', 9),
(626, 'maneschijnnen',  '3_1_1',  42),
(627, 'de maneschijn',  '1_2_1',  42),
(628, 'de maneschijnnen', '3_2_1',  42),
(629, 'een maneschijnje', '1_1_23', 42),
(630, 'maneschijnjes',  '3_1_23', 42),
(631, 'blauwst',  '1_-1_26',  45),
(632, 'blauwst',  '3_-1_26',  45),
(633, 'lamppen',  '3_1_1',  65),
(634, 'de lamp',  '1_2_1',  65),
(635, 'de lamppen', '3_2_1',  65),
(636, 'een lampje', '1_1_23', 65),
(637, 'lampjes',  '3_1_23', 65),
(643, 'muurren',  '3_1_1',  67),
(644, 'de muur',  '1_2_1',  67),
(645, 'de muurren', '3_2_1',  67),
(646, 'een muurje', '1_1_23', 67),
(647, 'muurjes',  '3_1_23', 67),
(648, 'weerren',  '3_1_1',  68),
(649, 'weerren',  '3_2_1',  68),
(650, 'een weerje', '1_1_23', 68),
(651, 'weerjes',  '3_1_23', 68),
(652, 'varkennen',  '3_1_1',  69),
(653, 'de varken',  '1_2_1',  69),
(654, 'de varkennen', '3_2_1',  69),
(655, 'een varkenje', '1_1_23', 69),
(656, 'varkenjes',  '3_1_23', 69);

DROP TABLE IF EXISTS `log`;
CREATE TABLE `log` (
  `id` int(11) NOT NULL AUTO_INCREMENT,
  `identifier` varchar(255) COLLATE utf8_unicode_ci NOT NULL,
  `record` int(11) NOT NULL,
  `user_id` int(11) NOT NULL,
  `timestamp` timestamp NOT NULL DEFAULT CURRENT_TIMESTAMP ON UPDATE CURRENT_TIMESTAMP,
  PRIMARY KEY (`id`),
  KEY `user_id` (`user_id`),
  CONSTRAINT `log_ibfk_1` FOREIGN KEY (`user_id`) REFERENCES `users` (`id`) ON DELETE CASCADE
) ENGINE=InnoDB DEFAULT CHARSET=utf8 COLLATE=utf8_unicode_ci;

INSERT INTO `log` (`id`, `identifier`, `record`, `user_id`, `timestamp`) VALUES
(2, 'new_lemma',  67, 1,  '2017-09-02 19:21:49'),
(3, 'edit_lemma', 17, 1,  '2017-09-17 09:24:50'),
(4, 'edit_lemma', 65, 1,  '2017-09-17 09:37:45'),
(5, 'new_lemma',  0,  1,  '2017-09-17 13:54:42'),
(6, 'new_lemma',  68, 1,  '2017-09-17 21:23:49'),
(7, 'edit_lemma', 1,  1,  '2017-09-17 22:37:24'),
(8, 'new_lemma',  69, 1,  '2017-09-17 22:44:25');

DROP TABLE IF EXISTS `modes`;
CREATE TABLE `modes` (
  `id` int(11) NOT NULL AUTO_INCREMENT,
  `name` varchar(255) NOT NULL,
  `short_name` varchar(255) NOT NULL,
  `hidden_native_entry` int(11) NOT NULL,
  `type_id` int(11) NOT NULL,
  PRIMARY KEY (`id`),
  KEY `type_id` (`type_id`),
  CONSTRAINT `modes_ibfk_1` FOREIGN KEY (`type_id`) REFERENCES `types` (`id`) ON DELETE CASCADE
) ENGINE=InnoDB DEFAULT CHARSET=latin1;

INSERT INTO `modes` (`id`, `name`, `short_name`, `hidden_native_entry`, `type_id`) VALUES
(1, 'normal form',  'nom',  0,  1),
(7, 'present simple', 'ps.',  0,  2),
(8, 'Past simple',  'pts.', 0,  2),
(21,  'Present perfect',  'pre per',  0,  2),
(22,  'Past perfect', 'pas per',  0,  2),
(23,  'diminutive', 'dim',  0,  1),
(24,  'Singular', 'sg', 0,  3),
(25,  'Plural', 'pl.',  0,  3),
(26,  'normal form',  'n',  0,  5);

DROP TABLE IF EXISTS `morphology`;
CREATE TABLE `morphology` (
  `id` int(11) NOT NULL AUTO_INCREMENT,
  `name` varchar(255) COLLATE utf8mb4_unicode_ci NOT NULL,
  `rule` tinytext COLLATE utf8mb4_unicode_ci NOT NULL,
  `ruleset` int(11) NOT NULL,
  `in_set` int(11) NOT NULL DEFAULT '0',
  `is_irregular` tinyint(4) NOT NULL,
  `is_aux` tinyint(4) NOT NULL,
  `aux_placement` tinyint(4) NOT NULL,
  `aux_mode_id` tinyint(4) NOT NULL,
  `is_stem` tinyint(4) NOT NULL,
  `irregular_form` tinytext CHARACTER SET utf8 COLLATE utf8_unicode_ci NOT NULL,
  `lemma_id` tinyint(4) NOT NULL,
  PRIMARY KEY (`id`),
  KEY `ruleset` (`ruleset`),
  CONSTRAINT `morphology_ibfk_1` FOREIGN KEY (`ruleset`) REFERENCES `rulesets` (`id`) ON DELETE CASCADE
) ENGINE=InnoDB DEFAULT CHARSET=utf8mb4 COLLATE=utf8mb4_unicode_ci;

INSERT INTO `morphology` (`id`, `name`, `rule`, `ruleset`, `in_set`, `is_irregular`, `is_aux`, `aux_placement`, `aux_mode_id`, `is_stem`, `irregular_form`, `lemma_id`) VALUES
(19,  'suffix', '[]&ETJE?$m;&ETJE?$ng:;nkje?$ng;etje?$an;tje?!$m?!$n?!$an?$uin;tje?$VOW;je?&ELSE',  4,  1,  0,  0,  0,  0,  0,  '', 0),
(20,  'plural form &EN',  '[]&EN',  3,  1,  0,  0,  0,  0,  0,  '', 0),
(21,  'het dimunitief', 'het []', 0,  1,  0,  0,  0,  0,  0,  '', 0),
(22,  'article def plural', 'de []',  4,  1,  0,  0,  0,  0,  0,  '', 0),
(23,  'article singular indef', 'een []', 4,  1,  0,  0,  0,  0,  0,  '', 0),
(25,  'de', 'de []',  0,  1,  0,  0,  0,  0,  0,  '', 0),
(26,  'Ik vorm',  '[-en]0', 17, 1,  0,  0,  0,  0,  0,  '', 0),
(27,  'Jij / hij vorm', '[-en]t', 17, 1,  0,  0,  0,  0,  0,  '', 0),
(28,  '', '', 0,  0,  1,  0,  0,  0,  0,  'ben',  35),
(29,  '', '', 0,  0,  1,  0,  0,  0,  0,  'bent', 35),
(30,  '', '', 0,  0,  1,  0,  0,  0,  0,  'is', 35),
(31,  '', '', 0,  0,  1,  0,  0,  0,  0,  'was',  35),
(32,  '', '', 0,  0,  1,  0,  0,  0,  0,  'was',  35),
(33,  '', '', 0,  0,  1,  0,  0,  0,  0,  'waren',  35),
(34,  '', '', 0,  0,  1,  0,  0,  0,  0,  'een maantje',  33),
(35,  '', '', 0,  0,  1,  0,  0,  0,  0,  'maantjes', 33),
(36,  '', '', 0,  0,  1,  0,  0,  0,  0,  'het maantje',  33),
(37,  '', '', 0,  0,  1,  0,  0,  0,  0,  'de maantjes',  33),
(53,  '', '', 0,  0,  1,  0,  0,  0,  0,  'nee',  17),
(54,  'er sufix', '[]&r?$e;&er?&ELSE',  18, 1,  0,  0,  0,  0,  0,  '', 0),
(55,  'st suffix',  '[]st', 18, 1,  0,  0,  0,  0,  0,  '', 0);

DROP TABLE IF EXISTS `morphology_columns`;
CREATE TABLE `morphology_columns` (
  `id` int(11) NOT NULL AUTO_INCREMENT,
  `morphology_id` int(11) NOT NULL,
  `column_id` int(11) NOT NULL,
  PRIMARY KEY (`id`),
  KEY `morphology_id` (`morphology_id`),
  KEY `column_id` (`column_id`),
  CONSTRAINT `morphology_columns_ibfk_1` FOREIGN KEY (`morphology_id`) REFERENCES `morphology` (`id`) ON DELETE CASCADE,
  CONSTRAINT `morphology_columns_ibfk_2` FOREIGN KEY (`column_id`) REFERENCES `columns` (`id`) ON DELETE CASCADE
) ENGINE=InnoDB DEFAULT CHARSET=utf8mb4 COLLATE=utf8mb4_unicode_ci;

INSERT INTO `morphology_columns` (`id`, `morphology_id`, `column_id`) VALUES
(14,  54, 4),
(15,  55, 5);

DROP TABLE IF EXISTS `morphology_gramcat`;
CREATE TABLE `morphology_gramcat` (
  `id` int(11) NOT NULL AUTO_INCREMENT,
  `morphology_id` int(11) NOT NULL,
  `gramcat_id` int(11) NOT NULL,
  PRIMARY KEY (`id`),
  KEY `morphology_id` (`morphology_id`),
  KEY `gramcat_id` (`gramcat_id`),
  CONSTRAINT `morphology_gramcat_ibfk_1` FOREIGN KEY (`morphology_id`) REFERENCES `morphology` (`id`) ON DELETE CASCADE,
  CONSTRAINT `morphology_gramcat_ibfk_2` FOREIGN KEY (`gramcat_id`) REFERENCES `classifications` (`id`) ON DELETE CASCADE
) ENGINE=InnoDB DEFAULT CHARSET=utf8mb4 COLLATE=utf8mb4_unicode_ci;

INSERT INTO `morphology_gramcat` (`id`, `morphology_id`, `gramcat_id`) VALUES
(1, 25, 1),
(2, 25, 2),
(3, 26, 5),
(4, 27, 5);

DROP TABLE IF EXISTS `morphology_lexcat`;
CREATE TABLE `morphology_lexcat` (
  `id` int(11) NOT NULL AUTO_INCREMENT,
  `morphology_id` int(11) NOT NULL,
  `lexcat_id` int(11) NOT NULL,
  PRIMARY KEY (`id`),
  KEY `morphology_id` (`morphology_id`),
  KEY `lexcat_id` (`lexcat_id`),
  CONSTRAINT `morphology_lexcat_ibfk_1` FOREIGN KEY (`morphology_id`) REFERENCES `morphology` (`id`) ON DELETE CASCADE,
  CONSTRAINT `morphology_lexcat_ibfk_2` FOREIGN KEY (`lexcat_id`) REFERENCES `types` (`id`) ON DELETE CASCADE
) ENGINE=InnoDB DEFAULT CHARSET=utf8mb4 COLLATE=utf8mb4_unicode_ci;

INSERT INTO `morphology_lexcat` (`id`, `morphology_id`, `lexcat_id`) VALUES
(10,  19, 1),
(11,  20, 1),
(12,  21, 1),
(13,  22, 1),
(14,  23, 1),
(16,  25, 1),
(17,  26, 2),
(18,  27, 2),
(19,  54, 5),
(20,  55, 5);

DROP TABLE IF EXISTS `morphology_modes`;
CREATE TABLE `morphology_modes` (
  `id` int(11) NOT NULL AUTO_INCREMENT,
  `morphology_id` int(11) NOT NULL,
  `mode_id` int(11) NOT NULL,
  PRIMARY KEY (`id`),
  KEY `morphology_id` (`morphology_id`),
  KEY `mode_id` (`mode_id`),
  CONSTRAINT `morphology_modes_ibfk_1` FOREIGN KEY (`morphology_id`) REFERENCES `morphology` (`id`) ON DELETE CASCADE,
  CONSTRAINT `morphology_modes_ibfk_2` FOREIGN KEY (`mode_id`) REFERENCES `modes` (`id`) ON DELETE CASCADE
) ENGINE=InnoDB DEFAULT CHARSET=utf8mb4 COLLATE=utf8mb4_unicode_ci;

INSERT INTO `morphology_modes` (`id`, `morphology_id`, `mode_id`) VALUES
(2, 19, 23),
(3, 20, 1),
(4, 20, 23),
(5, 21, 23),
(6, 22, 23),
(7, 23, 23),
(9, 25, 1),
(10,  26, 7),
(11,  27, 7),
(14,  28, 7),
(15,  29, 7),
(16,  30, 7),
(20,  34, 23),
(21,  35, 23),
(22,  36, 23),
(23,  37, 23),
(39,  54, 26),
(40,  55, 26);

DROP TABLE IF EXISTS `morphology_numbers`;
CREATE TABLE `morphology_numbers` (
  `id` int(11) NOT NULL AUTO_INCREMENT,
  `morphology_id` int(11) NOT NULL,
  `number_id` int(11) NOT NULL,
  PRIMARY KEY (`id`),
  KEY `morphology_id` (`morphology_id`),
  KEY `number_id` (`number_id`),
  CONSTRAINT `morphology_numbers_ibfk_1` FOREIGN KEY (`morphology_id`) REFERENCES `morphology` (`id`) ON DELETE CASCADE,
  CONSTRAINT `morphology_numbers_ibfk_2` FOREIGN KEY (`number_id`) REFERENCES `numbers` (`id`) ON DELETE CASCADE
) ENGINE=InnoDB DEFAULT CHARSET=utf8mb4 COLLATE=utf8mb4_unicode_ci;

INSERT INTO `morphology_numbers` (`id`, `morphology_id`, `number_id`) VALUES
(1, 20, 3),
(2, 21, 1),
(3, 22, 3),
(4, 23, 1),
(6, 25, 1),
(7, 25, 3),
(8, 26, 11),
(9, 26, 12),
(10,  26, 13),
(11,  27, 12),
(12,  27, 13),
(15,  28, 11),
(16,  29, 12),
(17,  30, 13),
(21,  34, 1),
(22,  35, 3),
(23,  36, 1),
(24,  37, 3),
(40,  54, 1),
(41,  54, 3),
(42,  55, 1),
(43,  55, 3);

DROP TABLE IF EXISTS `morphology_submodes`;
CREATE TABLE `morphology_submodes` (
  `id` int(11) NOT NULL AUTO_INCREMENT,
  `morphology_id` int(11) NOT NULL,
  `submode_id` int(255) NOT NULL,
  PRIMARY KEY (`id`),
  KEY `morphology_id` (`morphology_id`),
  KEY `submode_id` (`submode_id`),
  CONSTRAINT `morphology_submodes_ibfk_1` FOREIGN KEY (`morphology_id`) REFERENCES `morphology` (`id`) ON DELETE CASCADE,
  CONSTRAINT `morphology_submodes_ibfk_2` FOREIGN KEY (`submode_id`) REFERENCES `submodes` (`id`) ON DELETE CASCADE
) ENGINE=InnoDB DEFAULT CHARSET=utf8mb4 COLLATE=utf8mb4_unicode_ci;

INSERT INTO `morphology_submodes` (`id`, `morphology_id`, `submode_id`) VALUES
(2, 19, 1),
(3, 19, 2),
(4, 20, 1),
(5, 20, 2),
(6, 21, 2),
(7, 22, 2),
(8, 23, 1),
(10,  25, 2),
(11,  26, 10),
(12,  27, 10),
(15,  28, 10),
(16,  29, 10),
(17,  30, 10),
(21,  34, 1),
(22,  35, 1),
(23,  36, 2),
(24,  37, 2);

DROP TABLE IF EXISTS `morphology_tags`;
CREATE TABLE `morphology_tags` (
  `id` int(11) NOT NULL AUTO_INCREMENT,
  `morphology_id` int(11) NOT NULL,
  `tag_id` int(11) NOT NULL,
  PRIMARY KEY (`id`),
  KEY `morphology_id` (`morphology_id`),
  KEY `tag_id` (`tag_id`),
  CONSTRAINT `morphology_tags_ibfk_3` FOREIGN KEY (`morphology_id`) REFERENCES `morphology` (`id`) ON DELETE CASCADE,
  CONSTRAINT `morphology_tags_ibfk_4` FOREIGN KEY (`tag_id`) REFERENCES `subclassifications` (`id`) ON DELETE CASCADE
) ENGINE=InnoDB DEFAULT CHARSET=utf8mb4 COLLATE=utf8mb4_unicode_ci;


DROP TABLE IF EXISTS `numbers`;
CREATE TABLE `numbers` (
  `id` int(11) NOT NULL AUTO_INCREMENT,
  `name` varchar(255) NOT NULL,
  `short_name` varchar(255) NOT NULL,
  `hidden_native_entry` varchar(255) NOT NULL,
  `hidden_native_entry_short` int(11) NOT NULL,
  PRIMARY KEY (`id`)
) ENGINE=InnoDB DEFAULT CHARSET=latin1;

INSERT INTO `numbers` (`id`, `name`, `short_name`, `hidden_native_entry`, `hidden_native_entry_short`) VALUES
(1, 'singular', 'sg.',  '0',  0),
(3, 'plural', 'pl', '0',  0),
(8, 'positive', 'bf.',  '0',  0),
(9, 'comperative',  'comp.',  '0',  0),
(10,  'superlative',  '0',  '0',  0),
(11,  'first person', '1',  '0',  0),
(12,  'second person',  '2',  '0',  0),
(13,  'third person', '3',  '0',  0);

DROP TABLE IF EXISTS `number_apply`;
CREATE TABLE `number_apply` (
  `id` int(11) NOT NULL AUTO_INCREMENT,
  `number_id` int(11) NOT NULL,
  `mode_id` int(11) NOT NULL,
  PRIMARY KEY (`id`),
  KEY `number_id` (`number_id`),
  KEY `type_id` (`mode_id`),
  CONSTRAINT `number_apply_ibfk_1` FOREIGN KEY (`number_id`) REFERENCES `numbers` (`id`) ON DELETE CASCADE,
  CONSTRAINT `number_apply_ibfk_2` FOREIGN KEY (`mode_id`) REFERENCES `modes` (`id`) ON DELETE CASCADE
) ENGINE=InnoDB DEFAULT CHARSET=latin1;

INSERT INTO `number_apply` (`id`, `number_id`, `mode_id`) VALUES
(39,  1,  1),
(40,  3,  1),
(41,  1,  23),
(42,  3,  23),
(43,  1,  26),
(44,  3,  26);

DROP TABLE IF EXISTS `phonology_contexts`;
CREATE TABLE `phonology_contexts` (
  `id` int(11) NOT NULL AUTO_INCREMENT,
  `name` varchar(255) COLLATE utf8mb4_unicode_ci NOT NULL,
  `rule` tinytext COLLATE utf8mb4_unicode_ci NOT NULL,
  `ruleset` int(11) NOT NULL,
  `in_set` int(11) NOT NULL DEFAULT '0',
  PRIMARY KEY (`id`),
  KEY `ruleset` (`ruleset`),
  CONSTRAINT `phonology_contexts_ibfk_1` FOREIGN KEY (`ruleset`) REFERENCES `rulesets` (`id`) ON DELETE CASCADE
) ENGINE=InnoDB DEFAULT CHARSET=utf8mb4 COLLATE=utf8mb4_unicode_ci;

INSERT INTO `phonology_contexts` (`id`, `name`, `rule`, `ruleset`, `in_set`) VALUES
(3, 'vowel lengthening before endings', 'CON_[aeou]_CON.+.&T,D=>%%',  0,  1),
(4, 'variable vowel lengthening', 'CON_&A,E,O,U_CON.+.&T,D=>%%',  0,  1),
(5, 'variable &D => kofschip dental suffix t',  '[x,k,f,s,c,h,p].+_&D_=>t', 14, 1),
(6, 'z to s before endings',  '_z_+=>s',  0,  1),
(7, 'VOW.v to f', 'VOW_v_+=>f', 0,  1),
(8, 'no z at word end', '_z_:>=>s', 0,  1),
(9, 'no v at word end', '_v_:>=>f', 0,  1),
(10,  'no double b (hebbt -> hebt)',  'CON.VOW._b.b_+.&D,T=>b', 13, 1),
(11,  'no double b (hebbt -> hebt) 2',  'CON.VOW_b.b_+.t=>b', 0,  1),
(12,  'vowel lengthening at word end',  '*.CON_VOW_CON.:>=>%%', 0,  1),
(13,  'variable EE to e before z',  'CON_&EE_z=>e', 0,  1),
(14,  'vowel lengthening 3',  '<:CON._VOW.VOW__CON.+=>$1',  0,  1),
(15,  'trema e',  'VOW.+_e_=>ë',  0,  1),
(16,  's+en → z+en',  '[^r,n]_s_+.e.n=>z',  16, 1),
(19,  'lens => lenzen', '_l.e.n.s_+.e.n=>lenz', 16, 1),
(20,  'plural, just n with -eerde', '[e].[e].[r].[d].[e].+_&EN_=>n',  16, 1),
(21,  'dimunitves plural',  'je.+_&EN_=>s', 16, 1),
(22,  'plural open vowel',  '[aioyu].+_&EN_=>\\\'s',  16, 1),
(23,  'plural mute e',  'e.+_&EN_=>s',  0,  1),
(24,  'double consonant before plural ending',  '_CON_+.&EN=>%%', 0,  1),
(26,  'endes => enden', 'CON.ende.+_s_=>n', 0,  1),
(27,  'dim ng => nk', '_ng_+.nkje=>', 0,  1),
(29,  'etje => pje if long vowel 1',  '(VOW)_(1)_CON.+.&ETJE=>#%#', 0,  1),
(30,  'double consonant before endings 2',  'CON.VOW_CON_+.&E=>%%', 0,  1),
(31,  'fototje => fotootje',  'CON_VOW_+.tje=>%%',  0,  1),
(33,  'double consonant before endings',  '^VOW.VOW_CON_+.^CON=>%%',  0,  1),
(34,  'etje => pje if long vowel 2',  '#.VOW.#.CON.+_&ETJE_=>pje',  0,  1),
(35,  'kofschip dental suffix t ',  '[x,k,f,s,c,h,p].+_&2DD_=>tt',  0,  1),
(36,  'kofschip dental suffix d', '[^x,k,f,s,c,h,p].+_&2DD_=>dd', 0,  1),
(37,  'heid -> heden',  'h_e.i.d_d.+.&EN=>e', 16, 1),
(38,  'No double consonants before verb ending',  '(CON)_%_+=>%', 17, 1),
(39,  '&r vowel correction',  '(VOW)_%_CON.+.&r=>%',  19, 1),
(42,  '&er vowel correction', '(VOW)_%_CON.+.&er.=>0',  19, 1);

DROP TABLE IF EXISTS `phonology_ipa_generation`;
CREATE TABLE `phonology_ipa_generation` (
  `id` int(11) NOT NULL AUTO_INCREMENT,
  `name` varchar(255) COLLATE utf8mb4_unicode_ci NOT NULL,
  `rule` tinytext COLLATE utf8mb4_unicode_ci NOT NULL,
  `ruleset` int(11) NOT NULL,
  `in_set` int(11) NOT NULL,
  PRIMARY KEY (`id`),
  KEY `ruleset` (`ruleset`),
  CONSTRAINT `phonology_ipa_generation_ibfk_1` FOREIGN KEY (`ruleset`) REFERENCES `rulesets` (`id`) ON DELETE CASCADE
) ENGINE=InnoDB DEFAULT CHARSET=utf8mb4 COLLATE=utf8mb4_unicode_ci;

INSERT INTO `phonology_ipa_generation` (`id`, `name`, `rule`, `ruleset`, `in_set`) VALUES
(1, 'long o', '_oo_=>oː', 5,  1),
(2, 'Long a', '_aa_=>aː', 5,  1);

DROP TABLE IF EXISTS `row_native`;
CREATE TABLE `row_native` (
  `id` int(11) NOT NULL AUTO_INCREMENT,
  `row_id` int(11) NOT NULL,
  `heading_id` int(255) NOT NULL,
  `word_id` int(11) NOT NULL,
  PRIMARY KEY (`id`),
  KEY `word_id` (`word_id`),
  KEY `row_id` (`row_id`),
  KEY `heading_id` (`heading_id`),
  CONSTRAINT `row_native_ibfk_1` FOREIGN KEY (`row_id`) REFERENCES `numbers` (`id`) ON DELETE CASCADE,
  CONSTRAINT `row_native_ibfk_2` FOREIGN KEY (`word_id`) REFERENCES `words` (`id`) ON DELETE CASCADE,
  CONSTRAINT `row_native_ibfk_3` FOREIGN KEY (`row_id`) REFERENCES `numbers` (`id`) ON DELETE CASCADE,
  CONSTRAINT `row_native_ibfk_4` FOREIGN KEY (`heading_id`) REFERENCES `submodes` (`id`) ON DELETE CASCADE
) ENGINE=InnoDB DEFAULT CHARSET=utf8mb4 COLLATE=utf8mb4_unicode_ci;

INSERT INTO `row_native` (`id`, `row_id`, `heading_id`, `word_id`) VALUES
(2, 11, 10, 21);

DROP TABLE IF EXISTS `rulesets`;
CREATE TABLE `rulesets` (
  `id` int(11) NOT NULL AUTO_INCREMENT,
  `name` varchar(255) COLLATE utf8mb4_unicode_ci NOT NULL,
  `parent` int(11) NOT NULL,
  PRIMARY KEY (`id`)
) ENGINE=InnoDB DEFAULT CHARSET=utf8mb4 COLLATE=utf8mb4_unicode_ci;

INSERT INTO `rulesets` (`id`, `name`, `parent`) VALUES
(0, '/rules', -1),
(3, '/rules/nouns', 0),
(4, '/rules/nouns/dimunitives', 3),
(5, '/rules/IPA-rules', 0),
(13,  '/rules/verbs', 0),
(14,  '/rules/verbs/regular', 13),
(16,  '/rules/nouns/plural_contexts', 3),
(17,  '/rules/verbs/regular/present_simple',  14),
(18,  '/rules/adjectives',  0),
(19,  '/rules/adjectives/corrections',  18),
(20,  '/rules/new_folder',  0),
(21,  '/rules/new_folder/hh', 20);

DROP TABLE IF EXISTS `search_hits`;
CREATE TABLE `search_hits` (
  `id` int(11) NOT NULL AUTO_INCREMENT,
  `word_id` int(11) NOT NULL,
  `user_id` int(11) NOT NULL,
  `hit_timestamp` datetime NOT NULL DEFAULT '0000-00-00 00:00:00' ON UPDATE CURRENT_TIMESTAMP,
  PRIMARY KEY (`id`),
  KEY `word_id` (`word_id`),
  KEY `user_id` (`user_id`),
  CONSTRAINT `search_hits_ibfk_1` FOREIGN KEY (`word_id`) REFERENCES `words` (`id`) ON DELETE CASCADE,
  CONSTRAINT `search_hits_ibfk_3` FOREIGN KEY (`user_id`) REFERENCES `users` (`id`) ON DELETE CASCADE
) ENGINE=InnoDB DEFAULT CHARSET=utf8mb4 COLLATE=utf8mb4_unicode_ci;

INSERT INTO `search_hits` (`id`, `word_id`, `user_id`, `hit_timestamp`) VALUES
(7, 17, 3,  '2017-06-23 20:17:13'),
(8, 6,  3,  '2017-06-23 20:18:47'),
(9, 31, 3,  '2017-06-23 20:41:25'),
(10,  22, 3,  '2017-06-23 21:00:12'),
(11,  9,  3,  '2017-06-23 21:01:22'),
(12,  10, 3,  '2017-06-23 21:01:23'),
(13,  19, 3,  '2017-06-23 21:01:23'),
(14,  17, 3,  '2017-06-23 21:07:15'),
(15,  33, 3,  '2017-06-23 21:31:38'),
(16,  33, 3,  '2017-06-23 21:32:58'),
(17,  33, 3,  '2017-06-23 21:33:03'),
(18,  33, 3,  '2017-06-23 21:33:05'),
(19,  33, 0,  '2017-06-23 22:50:00'),
(20,  18, 0,  '2017-06-23 22:59:44'),
(21,  6,  0,  '2017-06-23 22:59:44'),
(22,  13, 0,  '2017-06-23 23:21:40'),
(23,  12, 0,  '2017-06-23 23:21:41'),
(24,  17, 0,  '2017-06-23 23:21:41'),
(25,  13, 0,  '2017-06-23 23:22:30'),
(26,  12, 0,  '2017-06-23 23:22:30'),
(27,  17, 0,  '2017-06-23 23:22:30'),
(28,  2,  0,  '2017-06-27 12:17:32'),
(29,  1,  0,  '2017-06-27 12:17:32'),
(30,  17, 0,  '2017-06-27 12:19:21'),
(31,  12, 0,  '2017-06-27 12:19:21'),
(32,  14, 0,  '2017-06-27 12:19:21'),
(34,  13, 0,  '2017-06-27 12:19:21'),
(35,  17, 0,  '2017-07-01 17:26:44'),
(36,  12, 0,  '2017-07-01 17:26:45'),
(37,  14, 0,  '2017-07-01 17:26:45'),
(39,  13, 0,  '2017-07-01 17:26:45'),
(41,  17, 0,  '2017-07-01 17:35:05'),
(42,  6,  1,  '2017-07-01 17:37:47'),
(43,  18, 1,  '2017-07-01 17:37:47'),
(44,  6,  1,  '2017-07-01 17:38:49'),
(45,  18, 1,  '2017-07-01 17:38:49'),
(46,  6,  1,  '2017-07-01 17:39:20'),
(47,  18, 1,  '2017-07-01 17:39:21'),
(48,  27, 1,  '2017-07-01 23:14:07'),
(49,  27, 3,  '2017-07-02 12:22:37'),
(50,  6,  1,  '2017-07-12 17:13:44'),
(51,  18, 1,  '2017-07-12 17:13:44'),
(52,  17, 1,  '2017-07-12 17:18:38'),
(53,  12, 1,  '2017-07-12 17:18:38'),
(54,  14, 1,  '2017-07-12 17:18:39'),
(56,  13, 1,  '2017-07-12 17:18:39'),
(57,  17, 1,  '2017-07-12 17:28:05'),
(58,  12, 1,  '2017-07-12 17:28:05'),
(59,  14, 1,  '2017-07-12 17:28:05'),
(61,  13, 1,  '2017-07-12 17:28:05'),
(62,  17, 1,  '2017-07-12 17:35:45'),
(63,  12, 1,  '2017-07-12 17:35:45'),
(64,  14, 1,  '2017-07-12 17:35:45'),
(66,  13, 1,  '2017-07-12 17:35:45'),
(67,  17, 1,  '2017-07-12 17:36:12'),
(68,  12, 1,  '2017-07-12 17:36:12'),
(69,  14, 1,  '2017-07-12 17:36:12'),
(71,  13, 1,  '2017-07-12 17:36:12'),
(72,  6,  1,  '2017-07-12 18:31:55'),
(73,  18, 1,  '2017-07-12 18:31:55'),
(74,  6,  1,  '2017-07-12 19:05:01'),
(75,  18, 1,  '2017-07-12 19:05:01'),
(76,  17, 1,  '2017-07-14 21:48:50'),
(77,  12, 1,  '2017-07-14 21:48:50'),
(78,  14, 1,  '2017-07-14 21:48:50'),
(80,  13, 1,  '2017-07-14 21:48:50'),
(81,  17, 1,  '2017-07-15 23:14:59'),
(82,  12, 1,  '2017-07-15 23:15:00'),
(83,  14, 1,  '2017-07-15 23:15:00'),
(85,  13, 1,  '2017-07-15 23:15:00'),
(86,  17, 1,  '2017-07-15 23:15:32'),
(87,  12, 1,  '2017-07-15 23:15:32'),
(88,  14, 1,  '2017-07-15 23:15:32'),
(90,  13, 1,  '2017-07-15 23:15:32'),
(91,  17, 1,  '2017-07-16 00:45:48'),
(92,  12, 1,  '2017-07-16 00:45:49'),
(93,  14, 1,  '2017-07-16 00:45:49'),
(95,  13, 1,  '2017-07-16 00:45:49'),
(96,  17, 1,  '2017-07-16 01:04:27'),
(97,  12, 1,  '2017-07-16 01:04:27'),
(98,  14, 1,  '2017-07-16 01:04:27'),
(100, 13, 1,  '2017-07-16 01:04:27'),
(101, 17, 1,  '2017-07-16 01:04:47'),
(102, 12, 1,  '2017-07-16 01:04:48'),
(103, 14, 1,  '2017-07-16 01:04:48'),
(105, 13, 1,  '2017-07-16 01:04:48'),
(106, 17, 1,  '2017-07-16 01:22:02'),
(107, 12, 1,  '2017-07-16 01:22:03'),
(108, 14, 1,  '2017-07-16 01:22:03'),
(110, 13, 1,  '2017-07-16 01:22:03'),
(111, 17, 1,  '2017-07-16 01:22:23'),
(112, 12, 1,  '2017-07-16 01:22:23'),
(113, 14, 1,  '2017-07-16 01:22:23'),
(115, 13, 1,  '2017-07-16 01:22:23'),
(116, 17, 1,  '2017-07-16 01:22:57'),
(117, 12, 1,  '2017-07-16 01:22:57'),
(118, 14, 1,  '2017-07-16 01:22:57'),
(120, 13, 1,  '2017-07-16 01:22:57'),
(121, 17, 1,  '2017-07-16 01:23:09'),
(122, 12, 1,  '2017-07-16 01:23:09'),
(123, 14, 1,  '2017-07-16 01:23:09'),
(125, 13, 1,  '2017-07-16 01:23:09'),
(126, 17, 1,  '2017-07-16 01:23:32'),
(127, 12, 1,  '2017-07-16 01:23:32'),
(128, 14, 1,  '2017-07-16 01:23:32'),
(130, 13, 1,  '2017-07-16 01:23:32'),
(131, 17, 1,  '2017-07-16 01:23:44'),
(132, 12, 1,  '2017-07-16 01:23:45'),
(133, 14, 1,  '2017-07-16 01:23:45'),
(135, 13, 1,  '2017-07-16 01:23:45'),
(136, 17, 1,  '2017-07-16 01:24:40'),
(137, 12, 1,  '2017-07-16 01:24:40'),
(138, 14, 1,  '2017-07-16 01:24:40'),
(140, 13, 1,  '2017-07-16 01:24:40'),
(141, 12, 1,  '2017-07-16 01:24:49'),
(142, 17, 1,  '2017-07-16 01:24:49'),
(143, 13, 1,  '2017-07-16 01:25:33'),
(144, 12, 1,  '2017-07-16 01:25:33'),
(145, 17, 1,  '2017-07-16 01:25:33'),
(146, 13, 1,  '2017-07-16 01:25:45'),
(147, 12, 1,  '2017-07-16 01:25:45'),
(148, 17, 1,  '2017-07-16 01:25:45'),
(149, 13, 1,  '2017-07-16 01:25:59'),
(150, 12, 1,  '2017-07-16 01:25:59'),
(151, 17, 1,  '2017-07-16 01:25:59'),
(152, 12, 1,  '2017-07-16 01:28:22'),
(153, 14, 1,  '2017-07-16 01:28:22'),
(155, 13, 1,  '2017-07-16 01:28:22'),
(156, 17, 1,  '2017-07-16 01:28:24'),
(157, 12, 1,  '2017-07-16 01:28:24'),
(158, 14, 1,  '2017-07-16 01:28:24'),
(160, 13, 1,  '2017-07-16 01:28:24'),
(161, 17, 1,  '2017-07-16 01:28:26'),
(162, 12, 1,  '2017-07-16 01:28:27'),
(163, 14, 1,  '2017-07-16 01:28:27'),
(165, 13, 1,  '2017-07-16 01:28:27'),
(167, 17, 1,  '2017-07-16 01:28:38'),
(168, 12, 1,  '2017-07-16 01:28:59'),
(169, 14, 1,  '2017-07-16 01:28:59'),
(171, 13, 1,  '2017-07-16 01:28:59'),
(172, 14, 1,  '2017-07-16 01:38:53'),
(173, 17, 1,  '2017-07-16 01:38:53'),
(174, 14, 1,  '2017-07-16 01:46:45'),
(175, 17, 1,  '2017-07-16 01:46:45'),
(176, 3,  1,  '2017-07-16 02:03:26'),
(177, 3,  1,  '2017-07-16 14:38:43'),
(178, 33, 1,  '2017-07-16 15:07:22'),
(179, 1,  1,  '2017-07-16 20:56:18'),
(180, 2,  1,  '2017-07-16 20:56:18'),
(181, 16, 1,  '2017-07-16 20:56:18'),
(182, 1,  1,  '2017-07-16 20:57:31'),
(183, 2,  1,  '2017-07-16 20:57:31'),
(184, 16, 1,  '2017-07-16 20:57:31'),
(186, 17, 1,  '2017-07-16 23:47:18'),
(187, 6,  1,  '2017-07-17 16:06:15'),
(188, 18, 1,  '2017-07-17 16:06:15'),
(189, 34, 1,  '2017-07-17 16:08:01'),
(190, 17, 1,  '2017-07-24 11:20:23'),
(191, 12, 1,  '2017-07-24 11:20:23'),
(192, 14, 1,  '2017-07-24 11:20:23'),
(194, 13, 1,  '2017-07-24 11:20:23'),
(195, 17, 1,  '2017-07-24 11:38:17'),
(196, 17, 1,  '2017-07-24 12:04:16'),
(197, 12, 1,  '2017-07-24 12:36:42'),
(198, 14, 1,  '2017-07-24 12:36:42'),
(200, 13, 1,  '2017-07-24 12:36:42'),
(201, 17, 1,  '2017-07-24 12:36:44'),
(202, 14, 1,  '2017-07-25 11:41:34'),
(203, 17, 1,  '2017-07-25 11:41:35'),
(204, 14, 1,  '2017-07-25 11:41:37'),
(205, 17, 1,  '2017-07-25 11:45:50'),
(206, 17, 1,  '2017-07-25 12:59:08'),
(207, 12, 1,  '2017-07-25 12:59:09'),
(208, 14, 1,  '2017-07-25 12:59:09'),
(210, 13, 1,  '2017-07-25 12:59:09'),
(211, 17, 1,  '2017-07-25 12:59:11'),
(212, 17, 1,  '2017-07-25 13:15:16'),
(213, 17, 1,  '2017-07-25 15:23:09'),
(214, 12, 1,  '2017-07-25 15:23:09'),
(215, 14, 1,  '2017-07-25 15:23:09'),
(217, 13, 1,  '2017-07-25 15:23:09'),
(218, 17, 1,  '2017-07-25 15:23:11'),
(219, 14, 1,  '2017-07-25 15:26:58'),
(220, 17, 1,  '2017-07-25 15:28:24'),
(221, 12, 1,  '2017-07-25 15:41:12'),
(222, 14, 1,  '2017-07-25 15:41:12'),
(224, 13, 1,  '2017-07-25 15:41:12'),
(225, 17, 1,  '2017-07-25 15:42:54'),
(226, 12, 1,  '2017-07-25 15:42:54'),
(227, 14, 1,  '2017-07-25 15:42:54'),
(229, 13, 1,  '2017-07-25 15:42:54'),
(230, 17, 1,  '2017-07-25 15:53:20'),
(231, 12, 1,  '2017-07-25 15:53:20'),
(232, 14, 1,  '2017-07-25 15:53:20'),
(234, 13, 1,  '2017-07-25 15:53:21'),
(235, 17, 1,  '2017-07-25 15:54:10'),
(236, 12, 1,  '2017-07-25 15:54:10'),
(237, 14, 1,  '2017-07-25 15:54:11'),
(239, 13, 1,  '2017-07-25 15:54:11'),
(240, 17, 1,  '2017-07-25 16:08:16'),
(241, 12, 1,  '2017-07-25 16:08:16'),
(242, 14, 1,  '2017-07-25 16:08:16'),
(244, 13, 1,  '2017-07-25 16:08:16'),
(245, 17, 1,  '2017-07-25 16:08:18'),
(246, 34, 1,  '2017-07-25 18:59:07'),
(247, 17, 1,  '2017-07-25 19:00:38'),
(248, 12, 1,  '2017-07-25 19:00:48'),
(249, 14, 1,  '2017-07-25 19:00:48'),
(251, 12, 1,  '2017-07-25 19:00:48'),
(252, 14, 1,  '2017-07-25 19:00:48'),
(254, 12, 1,  '2017-07-25 19:00:48'),
(255, 14, 1,  '2017-07-25 19:00:48'),
(257, 12, 1,  '2017-07-25 19:00:48'),
(258, 14, 1,  '2017-07-25 19:00:48'),
(260, 12, 1,  '2017-07-25 19:00:48'),
(261, 14, 1,  '2017-07-25 19:00:48'),
(263, 12, 1,  '2017-07-25 19:00:48'),
(264, 14, 1,  '2017-07-25 19:00:48'),
(266, 12, 1,  '2017-07-25 19:00:48'),
(267, 14, 1,  '2017-07-25 19:00:48'),
(269, 12, 1,  '2017-07-25 19:00:49'),
(270, 14, 1,  '2017-07-25 19:00:49'),
(272, 12, 1,  '2017-07-25 19:00:49'),
(273, 14, 1,  '2017-07-25 19:00:49'),
(275, 12, 1,  '2017-07-25 19:00:49'),
(276, 14, 1,  '2017-07-25 19:00:49'),
(278, 12, 1,  '2017-07-25 19:00:49'),
(279, 14, 1,  '2017-07-25 19:00:49'),
(281, 12, 1,  '2017-07-25 19:00:49'),
(282, 14, 1,  '2017-07-25 19:00:49'),
(284, 12, 1,  '2017-07-25 19:00:49'),
(285, 14, 1,  '2017-07-25 19:00:49'),
(287, 12, 1,  '2017-07-25 19:00:49'),
(288, 14, 1,  '2017-07-25 19:00:49'),
(290, 12, 1,  '2017-07-25 19:00:49'),
(291, 14, 1,  '2017-07-25 19:00:49'),
(293, 12, 1,  '2017-07-25 19:00:49'),
(294, 14, 1,  '2017-07-25 19:00:49'),
(296, 12, 1,  '2017-07-25 19:00:49'),
(297, 14, 1,  '2017-07-25 19:00:49'),
(299, 12, 1,  '2017-07-25 19:00:49'),
(300, 14, 1,  '2017-07-25 19:00:49'),
(302, 12, 1,  '2017-07-25 19:00:49'),
(303, 14, 1,  '2017-07-25 19:00:49'),
(305, 12, 1,  '2017-07-25 19:00:49'),
(306, 14, 1,  '2017-07-25 19:00:49'),
(308, 12, 1,  '2017-07-25 19:00:49'),
(309, 14, 1,  '2017-07-25 19:00:49'),
(311, 12, 1,  '2017-07-25 19:00:49'),
(312, 14, 1,  '2017-07-25 19:00:49'),
(314, 12, 1,  '2017-07-25 19:00:49'),
(315, 14, 1,  '2017-07-25 19:00:49'),
(317, 12, 1,  '2017-07-25 19:00:49'),
(318, 14, 1,  '2017-07-25 19:00:49'),
(320, 12, 1,  '2017-07-25 19:00:49'),
(321, 14, 1,  '2017-07-25 19:00:49'),
(323, 12, 1,  '2017-07-25 19:00:49'),
(324, 14, 1,  '2017-07-25 19:00:49'),
(326, 12, 1,  '2017-07-25 19:00:49'),
(327, 14, 1,  '2017-07-25 19:00:49'),
(329, 12, 1,  '2017-07-25 19:00:49'),
(330, 14, 1,  '2017-07-25 19:00:49'),
(332, 12, 1,  '2017-07-25 19:00:49'),
(333, 14, 1,  '2017-07-25 19:00:49'),
(335, 12, 1,  '2017-07-25 19:00:49'),
(336, 14, 1,  '2017-07-25 19:00:49'),
(338, 12, 1,  '2017-07-25 19:00:49'),
(339, 14, 1,  '2017-07-25 19:00:49'),
(341, 12, 1,  '2017-07-25 19:00:49'),
(342, 14, 1,  '2017-07-25 19:00:49'),
(344, 12, 1,  '2017-07-25 19:00:49'),
(345, 14, 1,  '2017-07-25 19:00:49'),
(347, 12, 1,  '2017-07-25 19:00:49'),
(348, 14, 1,  '2017-07-25 19:00:49'),
(350, 12, 1,  '2017-07-25 19:00:49'),
(351, 14, 1,  '2017-07-25 19:00:49'),
(353, 12, 1,  '2017-07-25 19:00:49'),
(354, 14, 1,  '2017-07-25 19:00:49'),
(356, 12, 1,  '2017-07-25 19:00:49'),
(357, 14, 1,  '2017-07-25 19:00:49'),
(359, 12, 1,  '2017-07-25 19:00:49'),
(360, 14, 1,  '2017-07-25 19:00:49'),
(362, 12, 1,  '2017-07-25 19:00:49'),
(363, 14, 1,  '2017-07-25 19:00:49'),
(365, 12, 1,  '2017-07-25 19:00:49'),
(366, 14, 1,  '2017-07-25 19:00:49'),
(368, 12, 1,  '2017-07-25 19:00:49'),
(369, 14, 1,  '2017-07-25 19:00:49'),
(371, 12, 1,  '2017-07-25 19:00:49'),
(372, 14, 1,  '2017-07-25 19:00:49'),
(374, 12, 1,  '2017-07-25 19:00:49'),
(375, 14, 1,  '2017-07-25 19:00:49'),
(377, 12, 1,  '2017-07-25 19:00:49'),
(378, 14, 1,  '2017-07-25 19:00:49'),
(380, 12, 1,  '2017-07-25 19:00:49'),
(381, 14, 1,  '2017-07-25 19:00:49'),
(383, 12, 1,  '2017-07-25 19:00:49'),
(384, 14, 1,  '2017-07-25 19:00:49'),
(386, 12, 1,  '2017-07-25 19:00:49'),
(387, 14, 1,  '2017-07-25 19:00:49'),
(389, 12, 1,  '2017-07-25 19:00:49'),
(390, 14, 1,  '2017-07-25 19:00:50'),
(392, 12, 1,  '2017-07-25 19:00:50'),
(393, 14, 1,  '2017-07-25 19:00:50'),
(395, 12, 1,  '2017-07-25 19:00:50'),
(396, 14, 1,  '2017-07-25 19:00:50'),
(398, 12, 1,  '2017-07-25 19:00:50'),
(399, 14, 1,  '2017-07-25 19:00:50'),
(401, 12, 1,  '2017-07-25 19:00:50'),
(402, 14, 1,  '2017-07-25 19:00:50'),
(404, 12, 1,  '2017-07-25 19:00:50'),
(405, 14, 1,  '2017-07-25 19:00:50'),
(407, 12, 1,  '2017-07-25 19:00:50'),
(408, 14, 1,  '2017-07-25 19:00:50'),
(410, 12, 1,  '2017-07-25 19:00:50'),
(411, 14, 1,  '2017-07-25 19:00:50'),
(413, 12, 1,  '2017-07-25 19:00:50'),
(414, 14, 1,  '2017-07-25 19:00:50'),
(416, 12, 1,  '2017-07-25 19:00:50'),
(417, 14, 1,  '2017-07-25 19:00:50'),
(419, 12, 1,  '2017-07-25 19:00:50'),
(420, 14, 1,  '2017-07-25 19:00:50'),
(422, 12, 1,  '2017-07-25 19:00:50'),
(423, 14, 1,  '2017-07-25 19:00:50'),
(425, 12, 1,  '2017-07-25 19:00:50'),
(426, 14, 1,  '2017-07-25 19:00:50'),
(428, 12, 1,  '2017-07-25 19:00:50'),
(429, 14, 1,  '2017-07-25 19:00:50'),
(431, 12, 1,  '2017-07-25 19:00:50'),
(432, 14, 1,  '2017-07-25 19:00:50'),
(434, 12, 1,  '2017-07-25 19:00:50'),
(435, 14, 1,  '2017-07-25 19:00:50'),
(437, 12, 1,  '2017-07-25 19:00:50'),
(438, 14, 1,  '2017-07-25 19:00:50'),
(440, 12, 1,  '2017-07-25 19:00:50'),
(441, 14, 1,  '2017-07-25 19:00:50'),
(443, 12, 1,  '2017-07-25 19:00:50'),
(444, 14, 1,  '2017-07-25 19:00:50'),
(446, 12, 1,  '2017-07-25 19:00:50'),
(447, 14, 1,  '2017-07-25 19:00:50'),
(449, 12, 1,  '2017-07-25 19:00:50'),
(450, 14, 1,  '2017-07-25 19:00:50'),
(452, 12, 1,  '2017-07-25 19:00:50'),
(453, 14, 1,  '2017-07-25 19:00:50'),
(455, 12, 1,  '2017-07-25 19:00:50'),
(456, 14, 1,  '2017-07-25 19:00:50'),
(458, 12, 1,  '2017-07-25 19:00:50'),
(459, 14, 1,  '2017-07-25 19:00:50'),
(461, 12, 1,  '2017-07-25 19:00:50'),
(462, 14, 1,  '2017-07-25 19:00:50'),
(464, 12, 1,  '2017-07-25 19:00:50'),
(465, 14, 1,  '2017-07-25 19:00:50'),
(467, 12, 1,  '2017-07-25 19:00:50'),
(468, 14, 1,  '2017-07-25 19:00:50'),
(470, 12, 1,  '2017-07-25 19:00:50'),
(471, 14, 1,  '2017-07-25 19:00:50'),
(473, 12, 1,  '2017-07-25 19:00:50'),
(474, 14, 1,  '2017-07-25 19:00:50'),
(476, 12, 1,  '2017-07-25 19:00:50'),
(477, 14, 1,  '2017-07-25 19:00:50'),
(479, 12, 1,  '2017-07-25 19:00:50'),
(480, 14, 1,  '2017-07-25 19:00:50'),
(482, 12, 1,  '2017-07-25 19:00:50'),
(483, 14, 1,  '2017-07-25 19:00:50'),
(485, 12, 1,  '2017-07-25 19:00:50'),
(486, 14, 1,  '2017-07-25 19:00:50'),
(488, 12, 1,  '2017-07-25 19:00:50'),
(489, 14, 1,  '2017-07-25 19:00:50'),
(491, 12, 1,  '2017-07-25 19:00:50'),
(492, 14, 1,  '2017-07-25 19:00:50'),
(494, 12, 1,  '2017-07-25 19:00:50'),
(495, 14, 1,  '2017-07-25 19:00:50'),
(497, 12, 1,  '2017-07-25 19:00:50'),
(498, 14, 1,  '2017-07-25 19:00:50'),
(500, 12, 1,  '2017-07-25 19:00:50'),
(501, 14, 1,  '2017-07-25 19:00:50'),
(503, 12, 1,  '2017-07-25 19:00:50'),
(504, 14, 1,  '2017-07-25 19:00:50'),
(506, 12, 1,  '2017-07-25 19:00:50'),
(507, 14, 1,  '2017-07-25 19:00:50'),
(509, 12, 1,  '2017-07-25 19:00:50'),
(510, 14, 1,  '2017-07-25 19:00:50'),
(512, 12, 1,  '2017-07-25 19:00:50'),
(513, 14, 1,  '2017-07-25 19:00:50'),
(515, 12, 1,  '2017-07-25 19:00:51'),
(516, 14, 1,  '2017-07-25 19:00:51'),
(518, 12, 1,  '2017-07-25 19:00:51'),
(519, 14, 1,  '2017-07-25 19:00:51'),
(521, 12, 1,  '2017-07-25 19:00:51'),
(522, 14, 1,  '2017-07-25 19:00:51'),
(524, 12, 1,  '2017-07-25 19:00:51'),
(525, 14, 1,  '2017-07-25 19:00:51'),
(527, 12, 1,  '2017-07-25 19:00:51'),
(528, 14, 1,  '2017-07-25 19:00:51'),
(530, 12, 1,  '2017-07-25 19:00:51'),
(531, 14, 1,  '2017-07-25 19:00:51'),
(533, 12, 1,  '2017-07-25 19:00:51'),
(534, 14, 1,  '2017-07-25 19:00:51'),
(536, 12, 1,  '2017-07-25 19:00:51'),
(537, 14, 1,  '2017-07-25 19:00:51'),
(539, 12, 1,  '2017-07-25 19:00:51'),
(540, 14, 1,  '2017-07-25 19:00:51'),
(542, 12, 1,  '2017-07-25 19:00:51'),
(543, 14, 1,  '2017-07-25 19:00:51'),
(545, 12, 1,  '2017-07-25 19:00:51'),
(546, 14, 1,  '2017-07-25 19:00:51'),
(548, 12, 1,  '2017-07-25 19:00:51'),
(549, 14, 1,  '2017-07-25 19:00:51'),
(551, 12, 1,  '2017-07-25 19:00:51'),
(552, 14, 1,  '2017-07-25 19:00:51'),
(554, 12, 1,  '2017-07-25 19:00:51'),
(555, 14, 1,  '2017-07-25 19:00:51'),
(557, 12, 1,  '2017-07-25 19:00:51'),
(558, 14, 1,  '2017-07-25 19:00:51'),
(560, 12, 1,  '2017-07-25 19:00:51'),
(561, 14, 1,  '2017-07-25 19:00:51'),
(563, 12, 1,  '2017-07-25 19:00:51'),
(564, 14, 1,  '2017-07-25 19:00:51'),
(566, 12, 1,  '2017-07-25 19:00:51'),
(567, 14, 1,  '2017-07-25 19:00:51'),
(569, 12, 1,  '2017-07-25 19:00:51'),
(570, 14, 1,  '2017-07-25 19:00:51'),
(572, 12, 1,  '2017-07-25 19:00:51'),
(573, 14, 1,  '2017-07-25 19:00:51'),
(575, 12, 1,  '2017-07-25 19:00:51'),
(576, 14, 1,  '2017-07-25 19:00:51'),
(578, 12, 1,  '2017-07-25 19:00:51'),
(579, 14, 1,  '2017-07-25 19:00:51'),
(581, 12, 1,  '2017-07-25 19:00:51'),
(582, 14, 1,  '2017-07-25 19:00:51'),
(584, 12, 1,  '2017-07-25 19:00:51'),
(585, 14, 1,  '2017-07-25 19:00:51'),
(587, 12, 1,  '2017-07-25 19:00:51'),
(588, 14, 1,  '2017-07-25 19:00:51'),
(590, 12, 1,  '2017-07-25 19:00:51'),
(591, 14, 1,  '2017-07-25 19:00:51'),
(593, 12, 1,  '2017-07-25 19:00:51'),
(594, 14, 1,  '2017-07-25 19:00:51'),
(596, 12, 1,  '2017-07-25 19:00:51'),
(597, 14, 1,  '2017-07-25 19:00:51'),
(599, 12, 1,  '2017-07-25 19:00:51'),
(600, 14, 1,  '2017-07-25 19:00:51'),
(602, 12, 1,  '2017-07-25 19:00:51'),
(603, 14, 1,  '2017-07-25 19:00:51'),
(605, 12, 1,  '2017-07-25 19:00:51'),
(606, 14, 1,  '2017-07-25 19:00:51'),
(608, 12, 1,  '2017-07-25 19:00:51'),
(609, 14, 1,  '2017-07-25 19:00:51'),
(611, 12, 1,  '2017-07-25 19:00:51'),
(612, 14, 1,  '2017-07-25 19:00:51'),
(614, 12, 1,  '2017-07-25 19:00:51'),
(615, 14, 1,  '2017-07-25 19:00:51'),
(617, 12, 1,  '2017-07-25 19:00:51'),
(618, 14, 1,  '2017-07-25 19:00:51'),
(620, 12, 1,  '2017-07-25 19:00:51'),
(621, 14, 1,  '2017-07-25 19:00:51'),
(623, 12, 1,  '2017-07-25 19:00:51'),
(624, 14, 1,  '2017-07-25 19:00:51'),
(626, 12, 1,  '2017-07-25 19:00:51'),
(627, 14, 1,  '2017-07-25 19:00:51'),
(629, 12, 1,  '2017-07-25 19:00:51'),
(630, 14, 1,  '2017-07-25 19:00:51'),
(632, 12, 1,  '2017-07-25 19:00:51'),
(633, 14, 1,  '2017-07-25 19:00:51'),
(635, 12, 1,  '2017-07-25 19:00:51'),
(636, 14, 1,  '2017-07-25 19:00:51'),
(638, 12, 1,  '2017-07-25 19:00:51'),
(639, 14, 1,  '2017-07-25 19:00:51'),
(641, 12, 1,  '2017-07-25 19:00:51'),
(642, 14, 1,  '2017-07-25 19:00:51'),
(644, 12, 1,  '2017-07-25 19:00:51'),
(645, 14, 1,  '2017-07-25 19:00:51'),
(647, 12, 1,  '2017-07-25 19:00:51'),
(648, 14, 1,  '2017-07-25 19:00:51'),
(650, 12, 1,  '2017-07-25 19:00:51'),
(651, 14, 1,  '2017-07-25 19:00:51'),
(653, 12, 1,  '2017-07-25 19:00:51'),
(654, 14, 1,  '2017-07-25 19:00:51'),
(656, 12, 1,  '2017-07-25 19:00:51'),
(657, 14, 1,  '2017-07-25 19:00:51'),
(659, 12, 1,  '2017-07-25 19:00:51'),
(660, 14, 1,  '2017-07-25 19:00:51'),
(662, 12, 1,  '2017-07-25 19:00:52'),
(663, 14, 1,  '2017-07-25 19:00:52'),
(665, 12, 1,  '2017-07-25 19:00:52'),
(666, 14, 1,  '2017-07-25 19:00:52'),
(668, 12, 1,  '2017-07-25 19:00:52'),
(669, 14, 1,  '2017-07-25 19:00:52'),
(671, 12, 1,  '2017-07-25 19:00:52'),
(672, 14, 1,  '2017-07-25 19:00:52'),
(674, 12, 1,  '2017-07-25 19:00:52'),
(675, 14, 1,  '2017-07-25 19:00:52'),
(677, 12, 1,  '2017-07-25 19:00:52'),
(678, 14, 1,  '2017-07-25 19:00:52'),
(680, 12, 1,  '2017-07-25 19:00:52'),
(681, 14, 1,  '2017-07-25 19:00:52'),
(683, 12, 1,  '2017-07-25 19:00:52'),
(684, 14, 1,  '2017-07-25 19:00:52'),
(686, 12, 1,  '2017-07-25 19:00:52'),
(687, 14, 1,  '2017-07-25 19:00:52'),
(689, 12, 1,  '2017-07-25 19:00:52'),
(690, 14, 1,  '2017-07-25 19:00:52'),
(692, 12, 1,  '2017-07-25 19:00:52'),
(693, 14, 1,  '2017-07-25 19:00:52'),
(695, 12, 1,  '2017-07-25 19:00:52'),
(696, 14, 1,  '2017-07-25 19:00:52'),
(698, 12, 1,  '2017-07-25 19:00:52'),
(699, 14, 1,  '2017-07-25 19:00:52'),
(701, 12, 1,  '2017-07-25 19:00:52'),
(702, 14, 1,  '2017-07-25 19:00:52'),
(704, 12, 1,  '2017-07-25 19:00:52'),
(705, 14, 1,  '2017-07-25 19:00:52'),
(707, 12, 1,  '2017-07-25 19:00:52'),
(708, 14, 1,  '2017-07-25 19:00:52'),
(710, 12, 1,  '2017-07-25 19:00:52'),
(711, 14, 1,  '2017-07-25 19:00:52'),
(713, 12, 1,  '2017-07-25 19:00:52'),
(714, 14, 1,  '2017-07-25 19:00:52'),
(716, 12, 1,  '2017-07-25 19:00:52'),
(717, 14, 1,  '2017-07-25 19:00:52'),
(719, 12, 1,  '2017-07-25 19:00:52'),
(720, 14, 1,  '2017-07-25 19:00:52'),
(722, 12, 1,  '2017-07-25 19:00:52'),
(723, 14, 1,  '2017-07-25 19:00:52'),
(725, 12, 1,  '2017-07-25 19:00:52'),
(726, 14, 1,  '2017-07-25 19:00:52'),
(728, 12, 1,  '2017-07-25 19:00:52'),
(729, 14, 1,  '2017-07-25 19:00:52'),
(731, 12, 1,  '2017-07-25 19:00:52'),
(732, 14, 1,  '2017-07-25 19:00:52'),
(734, 12, 1,  '2017-07-25 19:00:52'),
(735, 14, 1,  '2017-07-25 19:00:52'),
(737, 12, 1,  '2017-07-25 19:00:52'),
(738, 14, 1,  '2017-07-25 19:00:52'),
(740, 12, 1,  '2017-07-25 19:00:52'),
(741, 14, 1,  '2017-07-25 19:00:52'),
(743, 12, 1,  '2017-07-25 19:00:52'),
(744, 14, 1,  '2017-07-25 19:00:52'),
(746, 12, 1,  '2017-07-25 19:00:52'),
(747, 14, 1,  '2017-07-25 19:00:52'),
(749, 12, 1,  '2017-07-25 19:00:52'),
(750, 14, 1,  '2017-07-25 19:00:52'),
(752, 12, 1,  '2017-07-25 19:00:52'),
(753, 14, 1,  '2017-07-25 19:00:52'),
(755, 12, 1,  '2017-07-25 19:00:52'),
(756, 14, 1,  '2017-07-25 19:00:52'),
(758, 12, 1,  '2017-07-25 19:00:52'),
(759, 14, 1,  '2017-07-25 19:00:52'),
(761, 12, 1,  '2017-07-25 19:00:52'),
(762, 14, 1,  '2017-07-25 19:00:52'),
(764, 12, 1,  '2017-07-25 19:00:52'),
(765, 14, 1,  '2017-07-25 19:00:52'),
(767, 12, 1,  '2017-07-25 19:00:52'),
(768, 14, 1,  '2017-07-25 19:00:52'),
(770, 12, 1,  '2017-07-25 19:00:52'),
(771, 14, 1,  '2017-07-25 19:00:52'),
(773, 12, 1,  '2017-07-25 19:00:52'),
(774, 14, 1,  '2017-07-25 19:00:52'),
(776, 12, 1,  '2017-07-25 19:00:52'),
(777, 14, 1,  '2017-07-25 19:00:52'),
(779, 12, 1,  '2017-07-25 19:00:52'),
(780, 14, 1,  '2017-07-25 19:00:52'),
(782, 12, 1,  '2017-07-25 19:00:52'),
(783, 14, 1,  '2017-07-25 19:00:52'),
(785, 12, 1,  '2017-07-25 19:00:52'),
(786, 14, 1,  '2017-07-25 19:00:52'),
(788, 12, 1,  '2017-07-25 19:00:52'),
(789, 14, 1,  '2017-07-25 19:00:52'),
(791, 12, 1,  '2017-07-25 19:00:52'),
(792, 14, 1,  '2017-07-25 19:00:52'),
(794, 12, 1,  '2017-07-25 19:00:52'),
(795, 14, 1,  '2017-07-25 19:00:52'),
(797, 12, 1,  '2017-07-25 19:00:52'),
(798, 14, 1,  '2017-07-25 19:00:52'),
(800, 12, 1,  '2017-07-25 19:00:52'),
(801, 14, 1,  '2017-07-25 19:00:52'),
(803, 12, 1,  '2017-07-25 19:00:52'),
(804, 14, 1,  '2017-07-25 19:00:52'),
(806, 12, 1,  '2017-07-25 19:00:52'),
(807, 14, 1,  '2017-07-25 19:00:52'),
(809, 12, 1,  '2017-07-25 19:00:52'),
(810, 14, 1,  '2017-07-25 19:00:52'),
(812, 12, 1,  '2017-07-25 19:00:53'),
(813, 14, 1,  '2017-07-25 19:00:53'),
(815, 12, 1,  '2017-07-25 19:00:53'),
(816, 14, 1,  '2017-07-25 19:00:53'),
(818, 12, 1,  '2017-07-25 19:00:53'),
(819, 14, 1,  '2017-07-25 19:00:53'),
(821, 12, 1,  '2017-07-25 19:00:53'),
(822, 14, 1,  '2017-07-25 19:00:53'),
(824, 12, 1,  '2017-07-25 19:00:53'),
(825, 14, 1,  '2017-07-25 19:00:53'),
(827, 12, 1,  '2017-07-25 19:00:53'),
(828, 14, 1,  '2017-07-25 19:00:53'),
(830, 12, 1,  '2017-07-25 19:00:53'),
(831, 14, 1,  '2017-07-25 19:00:53'),
(833, 12, 1,  '2017-07-25 19:00:53'),
(834, 14, 1,  '2017-07-25 19:00:53'),
(836, 12, 1,  '2017-07-25 19:00:53'),
(837, 14, 1,  '2017-07-25 19:00:53'),
(839, 12, 1,  '2017-07-25 19:00:53'),
(840, 14, 1,  '2017-07-25 19:00:53'),
(842, 12, 1,  '2017-07-25 19:00:53'),
(843, 14, 1,  '2017-07-25 19:00:53'),
(845, 12, 1,  '2017-07-25 19:00:53'),
(846, 14, 1,  '2017-07-25 19:00:53'),
(848, 12, 1,  '2017-07-25 19:00:53'),
(849, 14, 1,  '2017-07-25 19:00:53'),
(851, 12, 1,  '2017-07-25 19:00:53'),
(852, 14, 1,  '2017-07-25 19:00:53'),
(854, 12, 1,  '2017-07-25 19:00:53'),
(855, 14, 1,  '2017-07-25 19:00:53'),
(857, 12, 1,  '2017-07-25 19:00:53'),
(858, 14, 1,  '2017-07-25 19:00:53'),
(860, 12, 1,  '2017-07-25 19:00:53'),
(861, 14, 1,  '2017-07-25 19:00:53'),
(863, 12, 1,  '2017-07-25 19:00:53'),
(864, 14, 1,  '2017-07-25 19:00:53'),
(866, 12, 1,  '2017-07-25 19:00:53'),
(867, 14, 1,  '2017-07-25 19:00:53'),
(869, 12, 1,  '2017-07-25 19:00:53'),
(870, 14, 1,  '2017-07-25 19:00:53'),
(872, 12, 1,  '2017-07-25 19:00:53'),
(873, 14, 1,  '2017-07-25 19:00:53'),
(875, 12, 1,  '2017-07-25 19:00:53'),
(876, 14, 1,  '2017-07-25 19:00:53'),
(878, 12, 1,  '2017-07-25 19:00:53'),
(879, 14, 1,  '2017-07-25 19:00:53'),
(881, 12, 1,  '2017-07-25 19:00:53'),
(882, 14, 1,  '2017-07-25 19:00:53'),
(884, 12, 1,  '2017-07-25 19:00:53'),
(885, 14, 1,  '2017-07-25 19:00:53'),
(887, 12, 1,  '2017-07-25 19:00:53'),
(888, 14, 1,  '2017-07-25 19:00:53'),
(890, 12, 1,  '2017-07-25 19:00:53'),
(891, 14, 1,  '2017-07-25 19:00:53'),
(893, 12, 1,  '2017-07-25 19:00:53'),
(894, 14, 1,  '2017-07-25 19:00:53'),
(896, 12, 1,  '2017-07-25 19:00:53'),
(897, 14, 1,  '2017-07-25 19:00:53'),
(899, 12, 1,  '2017-07-25 19:00:53'),
(900, 14, 1,  '2017-07-25 19:00:53'),
(902, 12, 1,  '2017-07-25 19:00:53'),
(903, 14, 1,  '2017-07-25 19:00:53'),
(905, 12, 1,  '2017-07-25 19:00:53'),
(906, 14, 1,  '2017-07-25 19:00:53'),
(908, 12, 1,  '2017-07-25 19:00:53'),
(909, 14, 1,  '2017-07-25 19:00:53'),
(911, 12, 1,  '2017-07-25 19:00:53'),
(912, 14, 1,  '2017-07-25 19:00:53'),
(914, 12, 1,  '2017-07-25 19:00:53'),
(915, 14, 1,  '2017-07-25 19:00:53'),
(917, 12, 1,  '2017-07-25 19:00:53'),
(918, 14, 1,  '2017-07-25 19:00:53'),
(920, 12, 1,  '2017-07-25 19:00:53'),
(921, 14, 1,  '2017-07-25 19:00:53'),
(923, 12, 1,  '2017-07-25 19:00:53'),
(924, 14, 1,  '2017-07-25 19:00:53'),
(926, 12, 1,  '2017-07-25 19:00:53'),
(927, 14, 1,  '2017-07-25 19:00:53'),
(929, 12, 1,  '2017-07-25 19:00:53'),
(930, 14, 1,  '2017-07-25 19:00:53'),
(932, 12, 1,  '2017-07-25 19:00:53'),
(933, 14, 1,  '2017-07-25 19:00:53'),
(935, 12, 1,  '2017-07-25 19:00:53'),
(936, 14, 1,  '2017-07-25 19:00:53'),
(938, 12, 1,  '2017-07-25 19:00:53'),
(939, 14, 1,  '2017-07-25 19:00:53'),
(941, 12, 1,  '2017-07-25 19:00:53'),
(942, 14, 1,  '2017-07-25 19:00:53'),
(944, 12, 1,  '2017-07-25 19:00:53'),
(945, 14, 1,  '2017-07-25 19:00:53'),
(947, 12, 1,  '2017-07-25 19:00:53'),
(948, 14, 1,  '2017-07-25 19:00:53'),
(950, 12, 1,  '2017-07-25 19:00:53'),
(951, 14, 1,  '2017-07-25 19:00:54'),
(953, 12, 1,  '2017-07-25 19:00:54'),
(954, 14, 1,  '2017-07-25 19:00:54'),
(956, 12, 1,  '2017-07-25 19:00:54'),
(957, 14, 1,  '2017-07-25 19:00:54'),
(959, 12, 1,  '2017-07-25 19:00:54'),
(960, 14, 1,  '2017-07-25 19:00:54'),
(962, 12, 1,  '2017-07-25 19:00:54'),
(963, 14, 1,  '2017-07-25 19:00:54'),
(965, 12, 1,  '2017-07-25 19:00:54'),
(966, 14, 1,  '2017-07-25 19:00:54'),
(968, 12, 1,  '2017-07-25 19:00:54'),
(969, 14, 1,  '2017-07-25 19:00:54'),
(971, 12, 1,  '2017-07-25 19:00:54'),
(972, 14, 1,  '2017-07-25 19:00:54'),
(974, 12, 1,  '2017-07-25 19:00:54'),
(975, 14, 1,  '2017-07-25 19:00:54'),
(977, 12, 1,  '2017-07-25 19:00:54'),
(978, 14, 1,  '2017-07-25 19:00:54'),
(980, 12, 1,  '2017-07-25 19:00:54'),
(981, 14, 1,  '2017-07-25 19:00:54'),
(983, 12, 1,  '2017-07-25 19:00:54'),
(984, 14, 1,  '2017-07-25 19:00:54'),
(986, 12, 1,  '2017-07-25 19:00:54'),
(987, 14, 1,  '2017-07-25 19:00:54'),
(989, 12, 1,  '2017-07-25 19:00:54'),
(990, 14, 1,  '2017-07-25 19:00:54'),
(992, 12, 1,  '2017-07-25 19:00:54'),
(993, 14, 1,  '2017-07-25 19:00:54'),
(995, 12, 1,  '2017-07-25 19:00:54'),
(996, 14, 1,  '2017-07-25 19:00:54'),
(998, 12, 1,  '2017-07-25 19:00:54'),
(999, 14, 1,  '2017-07-25 19:00:54'),
(1001,  12, 1,  '2017-07-25 19:00:54'),
(1002,  14, 1,  '2017-07-25 19:00:54'),
(1004,  12, 1,  '2017-07-25 19:00:54'),
(1005,  14, 1,  '2017-07-25 19:00:54'),
(1007,  12, 1,  '2017-07-25 19:00:54'),
(1008,  14, 1,  '2017-07-25 19:00:54'),
(1010,  12, 1,  '2017-07-25 19:00:54'),
(1011,  14, 1,  '2017-07-25 19:00:54'),
(1013,  12, 1,  '2017-07-25 19:00:54'),
(1014,  14, 1,  '2017-07-25 19:00:54'),
(1016,  12, 1,  '2017-07-25 19:00:54'),
(1017,  14, 1,  '2017-07-25 19:00:54'),
(1019,  12, 1,  '2017-07-25 19:00:54'),
(1020,  14, 1,  '2017-07-25 19:00:54'),
(1022,  12, 1,  '2017-07-25 19:00:54'),
(1023,  14, 1,  '2017-07-25 19:00:54'),
(1025,  12, 1,  '2017-07-25 19:00:54'),
(1026,  14, 1,  '2017-07-25 19:00:54'),
(1028,  12, 1,  '2017-07-25 19:00:54'),
(1029,  14, 1,  '2017-07-25 19:00:54'),
(1031,  12, 1,  '2017-07-25 19:00:54'),
(1032,  14, 1,  '2017-07-25 19:00:54'),
(1034,  12, 1,  '2017-07-25 19:00:54'),
(1035,  14, 1,  '2017-07-25 19:00:54'),
(1037,  12, 1,  '2017-07-25 19:00:54'),
(1038,  14, 1,  '2017-07-25 19:00:54'),
(1040,  12, 1,  '2017-07-25 19:00:54'),
(1041,  14, 1,  '2017-07-25 19:00:54'),
(1043,  12, 1,  '2017-07-25 19:00:54'),
(1044,  14, 1,  '2017-07-25 19:00:54'),
(1046,  12, 1,  '2017-07-25 19:00:54'),
(1047,  14, 1,  '2017-07-25 19:00:54'),
(1049,  12, 1,  '2017-07-25 19:00:54'),
(1050,  14, 1,  '2017-07-25 19:00:54'),
(1052,  12, 1,  '2017-07-25 19:00:54'),
(1053,  14, 1,  '2017-07-25 19:00:54'),
(1055,  12, 1,  '2017-07-25 19:00:54'),
(1056,  14, 1,  '2017-07-25 19:00:54'),
(1058,  12, 1,  '2017-07-25 19:00:54'),
(1059,  14, 1,  '2017-07-25 19:00:54'),
(1061,  12, 1,  '2017-07-25 19:00:54'),
(1062,  14, 1,  '2017-07-25 19:00:54'),
(1064,  12, 1,  '2017-07-25 19:00:54'),
(1065,  14, 1,  '2017-07-25 19:00:54'),
(1067,  12, 1,  '2017-07-25 19:00:54'),
(1068,  14, 1,  '2017-07-25 19:00:54'),
(1070,  12, 1,  '2017-07-25 19:00:54'),
(1071,  14, 1,  '2017-07-25 19:00:54'),
(1073,  12, 1,  '2017-07-25 19:00:55'),
(1074,  14, 1,  '2017-07-25 19:00:55'),
(1076,  12, 1,  '2017-07-25 19:00:55'),
(1077,  14, 1,  '2017-07-25 19:00:55'),
(1079,  12, 1,  '2017-07-25 19:00:55'),
(1080,  14, 1,  '2017-07-25 19:00:55'),
(1082,  12, 1,  '2017-07-25 19:00:55'),
(1083,  14, 1,  '2017-07-25 19:00:55'),
(1085,  12, 1,  '2017-07-25 19:00:55'),
(1086,  14, 1,  '2017-07-25 19:00:55'),
(1088,  12, 1,  '2017-07-25 19:00:55'),
(1089,  14, 1,  '2017-07-25 19:00:55'),
(1091,  12, 1,  '2017-07-25 19:00:55'),
(1092,  14, 1,  '2017-07-25 19:00:55'),
(1094,  12, 1,  '2017-07-25 19:00:55'),
(1095,  14, 1,  '2017-07-25 19:00:55'),
(1097,  12, 1,  '2017-07-25 19:00:55'),
(1098,  14, 1,  '2017-07-25 19:00:55'),
(1100,  12, 1,  '2017-07-25 19:00:55'),
(1101,  14, 1,  '2017-07-25 19:00:55'),
(1103,  12, 1,  '2017-07-25 19:00:55'),
(1104,  14, 1,  '2017-07-25 19:00:55'),
(1106,  12, 1,  '2017-07-25 19:00:55'),
(1107,  14, 1,  '2017-07-25 19:00:55'),
(1109,  12, 1,  '2017-07-25 19:00:55'),
(1110,  14, 1,  '2017-07-25 19:00:55'),
(1112,  12, 1,  '2017-07-25 19:00:55'),
(1113,  14, 1,  '2017-07-25 19:00:55'),
(1115,  12, 1,  '2017-07-25 19:00:55'),
(1116,  14, 1,  '2017-07-25 19:00:55'),
(1118,  12, 1,  '2017-07-25 19:00:55'),
(1119,  14, 1,  '2017-07-25 19:00:55'),
(1121,  12, 1,  '2017-07-25 19:00:55'),
(1122,  14, 1,  '2017-07-25 19:00:55'),
(1124,  12, 1,  '2017-07-25 19:00:55'),
(1125,  14, 1,  '2017-07-25 19:00:55'),
(1127,  12, 1,  '2017-07-25 19:00:55'),
(1128,  14, 1,  '2017-07-25 19:00:55'),
(1130,  12, 1,  '2017-07-25 19:00:55'),
(1131,  14, 1,  '2017-07-25 19:00:55'),
(1133,  12, 1,  '2017-07-25 19:00:55'),
(1134,  14, 1,  '2017-07-25 19:00:55'),
(1136,  12, 1,  '2017-07-25 19:00:55'),
(1137,  14, 1,  '2017-07-25 19:00:55'),
(1139,  12, 1,  '2017-07-25 19:00:55'),
(1140,  14, 1,  '2017-07-25 19:00:55'),
(1142,  12, 1,  '2017-07-25 19:00:55'),
(1143,  14, 1,  '2017-07-25 19:00:55'),
(1145,  12, 1,  '2017-07-25 19:00:55'),
(1146,  14, 1,  '2017-07-25 19:00:55'),
(1148,  12, 1,  '2017-07-25 19:00:55'),
(1149,  14, 1,  '2017-07-25 19:00:55'),
(1151,  12, 1,  '2017-07-25 19:00:55'),
(1152,  14, 1,  '2017-07-25 19:00:55'),
(1154,  12, 1,  '2017-07-25 19:00:55'),
(1155,  14, 1,  '2017-07-25 19:00:55'),
(1157,  12, 1,  '2017-07-25 19:00:55'),
(1158,  14, 1,  '2017-07-25 19:00:55'),
(1160,  12, 1,  '2017-07-25 19:00:55'),
(1161,  14, 1,  '2017-07-25 19:00:55'),
(1163,  12, 1,  '2017-07-25 19:00:55'),
(1164,  14, 1,  '2017-07-25 19:00:55'),
(1166,  12, 1,  '2017-07-25 19:00:55'),
(1167,  14, 1,  '2017-07-25 19:00:55'),
(1169,  12, 1,  '2017-07-25 19:00:55'),
(1170,  14, 1,  '2017-07-25 19:00:56'),
(1172,  12, 1,  '2017-07-25 19:00:56'),
(1173,  14, 1,  '2017-07-25 19:00:56'),
(1175,  12, 1,  '2017-07-25 19:00:56'),
(1176,  14, 1,  '2017-07-25 19:00:56'),
(1178,  12, 1,  '2017-07-25 19:00:56'),
(1179,  14, 1,  '2017-07-25 19:00:56'),
(1181,  12, 1,  '2017-07-25 19:00:56'),
(1182,  14, 1,  '2017-07-25 19:00:56'),
(1184,  12, 1,  '2017-07-25 19:00:56'),
(1185,  14, 1,  '2017-07-25 19:00:56'),
(1187,  12, 1,  '2017-07-25 19:00:56'),
(1188,  14, 1,  '2017-07-25 19:00:56'),
(1190,  12, 1,  '2017-07-25 19:00:56'),
(1191,  14, 1,  '2017-07-25 19:00:56'),
(1193,  12, 1,  '2017-07-25 19:00:56'),
(1194,  14, 1,  '2017-07-25 19:00:56'),
(1196,  12, 1,  '2017-07-25 19:00:56'),
(1197,  14, 1,  '2017-07-25 19:00:56'),
(1199,  12, 1,  '2017-07-25 19:00:56'),
(1200,  14, 1,  '2017-07-25 19:00:56'),
(1202,  12, 1,  '2017-07-25 19:00:56'),
(1203,  14, 1,  '2017-07-25 19:00:56'),
(1205,  12, 1,  '2017-07-25 19:00:56'),
(1206,  14, 1,  '2017-07-25 19:00:56'),
(1208,  12, 1,  '2017-07-25 19:00:56'),
(1209,  14, 1,  '2017-07-25 19:00:56'),
(1211,  12, 1,  '2017-07-25 19:00:56'),
(1212,  14, 1,  '2017-07-25 19:00:56'),
(1214,  12, 1,  '2017-07-25 19:00:56'),
(1215,  14, 1,  '2017-07-25 19:00:56'),
(1217,  12, 1,  '2017-07-25 19:00:56'),
(1218,  14, 1,  '2017-07-25 19:00:56'),
(1220,  12, 1,  '2017-07-25 19:00:56'),
(1221,  14, 1,  '2017-07-25 19:00:56'),
(1223,  12, 1,  '2017-07-25 19:00:56'),
(1224,  14, 1,  '2017-07-25 19:00:56'),
(1226,  12, 1,  '2017-07-25 19:00:56'),
(1227,  14, 1,  '2017-07-25 19:00:56'),
(1229,  12, 1,  '2017-07-25 19:00:56'),
(1230,  14, 1,  '2017-07-25 19:00:56'),
(1232,  12, 1,  '2017-07-25 19:00:56'),
(1233,  14, 1,  '2017-07-25 19:00:56'),
(1235,  12, 1,  '2017-07-25 19:00:56'),
(1236,  14, 1,  '2017-07-25 19:00:56'),
(1238,  12, 1,  '2017-07-25 19:00:56'),
(1239,  14, 1,  '2017-07-25 19:00:56'),
(1241,  12, 1,  '2017-07-25 19:00:56'),
(1242,  14, 1,  '2017-07-25 19:00:56'),
(1244,  12, 1,  '2017-07-25 19:00:56'),
(1245,  14, 1,  '2017-07-25 19:00:56'),
(1247,  12, 1,  '2017-07-25 19:00:56'),
(1248,  14, 1,  '2017-07-25 19:00:56'),
(1250,  12, 1,  '2017-07-25 19:00:56'),
(1251,  14, 1,  '2017-07-25 19:00:56'),
(1253,  12, 1,  '2017-07-25 19:00:56'),
(1254,  14, 1,  '2017-07-25 19:00:56'),
(1256,  12, 1,  '2017-07-25 19:00:56'),
(1257,  14, 1,  '2017-07-25 19:00:56'),
(1259,  12, 1,  '2017-07-25 19:00:56'),
(1260,  14, 1,  '2017-07-25 19:00:56'),
(1262,  12, 1,  '2017-07-25 19:00:56'),
(1263,  14, 1,  '2017-07-25 19:00:56'),
(1265,  12, 1,  '2017-07-25 19:00:56'),
(1266,  14, 1,  '2017-07-25 19:00:56'),
(1268,  12, 1,  '2017-07-25 19:00:56'),
(1269,  14, 1,  '2017-07-25 19:00:56'),
(1271,  12, 1,  '2017-07-25 19:00:56'),
(1272,  14, 1,  '2017-07-25 19:00:56'),
(1274,  12, 1,  '2017-07-25 19:00:56'),
(1275,  14, 1,  '2017-07-25 19:00:56'),
(1277,  12, 1,  '2017-07-25 19:00:56'),
(1278,  14, 1,  '2017-07-25 19:00:56'),
(1280,  12, 1,  '2017-07-25 19:00:56'),
(1281,  14, 1,  '2017-07-25 19:00:56'),
(1283,  12, 1,  '2017-07-25 19:00:56'),
(1284,  14, 1,  '2017-07-25 19:00:56'),
(1286,  12, 1,  '2017-07-25 19:00:56'),
(1287,  14, 1,  '2017-07-25 19:00:56'),
(1289,  12, 1,  '2017-07-25 19:00:56'),
(1290,  14, 1,  '2017-07-25 19:00:56'),
(1292,  12, 1,  '2017-07-25 19:00:56'),
(1293,  14, 1,  '2017-07-25 19:00:56'),
(1295,  12, 1,  '2017-07-25 19:00:56'),
(1296,  14, 1,  '2017-07-25 19:00:56'),
(1298,  12, 1,  '2017-07-25 19:00:56'),
(1299,  14, 1,  '2017-07-25 19:00:56'),
(1301,  12, 1,  '2017-07-25 19:00:56'),
(1302,  14, 1,  '2017-07-25 19:00:56'),
(1304,  12, 1,  '2017-07-25 19:00:56'),
(1305,  14, 1,  '2017-07-25 19:00:56'),
(1307,  12, 1,  '2017-07-25 19:00:56'),
(1308,  14, 1,  '2017-07-25 19:00:56'),
(1310,  12, 1,  '2017-07-25 19:00:57'),
(1311,  14, 1,  '2017-07-25 19:00:57'),
(1313,  12, 1,  '2017-07-25 19:00:57'),
(1314,  14, 1,  '2017-07-25 19:00:57'),
(1316,  12, 1,  '2017-07-25 19:00:57'),
(1317,  14, 1,  '2017-07-25 19:00:57'),
(1319,  12, 1,  '2017-07-25 19:00:57'),
(1320,  14, 1,  '2017-07-25 19:00:57'),
(1322,  12, 1,  '2017-07-25 19:00:57'),
(1323,  14, 1,  '2017-07-25 19:00:57'),
(1325,  12, 1,  '2017-07-25 19:00:57'),
(1326,  14, 1,  '2017-07-25 19:00:57'),
(1328,  12, 1,  '2017-07-25 19:00:57'),
(1329,  14, 1,  '2017-07-25 19:00:57'),
(1331,  12, 1,  '2017-07-25 19:00:57'),
(1332,  14, 1,  '2017-07-25 19:00:57'),
(1334,  12, 1,  '2017-07-25 19:00:57'),
(1335,  14, 1,  '2017-07-25 19:00:57'),
(1337,  12, 1,  '2017-07-25 19:00:57'),
(1338,  14, 1,  '2017-07-25 19:00:57'),
(1340,  12, 1,  '2017-07-25 19:00:57'),
(1341,  14, 1,  '2017-07-25 19:00:57'),
(1343,  12, 1,  '2017-07-25 19:00:57'),
(1344,  14, 1,  '2017-07-25 19:00:57'),
(1346,  12, 1,  '2017-07-25 19:00:57'),
(1347,  14, 1,  '2017-07-25 19:00:57'),
(1349,  12, 1,  '2017-07-25 19:00:57'),
(1350,  14, 1,  '2017-07-25 19:00:57'),
(1352,  12, 1,  '2017-07-25 19:00:57'),
(1353,  14, 1,  '2017-07-25 19:00:57'),
(1355,  12, 1,  '2017-07-25 19:00:57'),
(1356,  14, 1,  '2017-07-25 19:00:57'),
(1358,  12, 1,  '2017-07-25 19:00:57'),
(1359,  14, 1,  '2017-07-25 19:00:57'),
(1361,  12, 1,  '2017-07-25 19:00:57'),
(1362,  14, 1,  '2017-07-25 19:00:57'),
(1364,  12, 1,  '2017-07-25 19:00:57'),
(1365,  14, 1,  '2017-07-25 19:00:57'),
(1367,  12, 1,  '2017-07-25 19:00:57'),
(1368,  14, 1,  '2017-07-25 19:00:57'),
(1370,  12, 1,  '2017-07-25 19:00:57'),
(1371,  14, 1,  '2017-07-25 19:00:57'),
(1373,  12, 1,  '2017-07-25 19:00:57'),
(1374,  14, 1,  '2017-07-25 19:00:57'),
(1376,  12, 1,  '2017-07-25 19:00:57'),
(1377,  14, 1,  '2017-07-25 19:00:57'),
(1379,  12, 1,  '2017-07-25 19:00:57'),
(1380,  14, 1,  '2017-07-25 19:00:57'),
(1382,  12, 1,  '2017-07-25 19:00:57'),
(1383,  14, 1,  '2017-07-25 19:00:57'),
(1385,  12, 1,  '2017-07-25 19:00:57'),
(1386,  14, 1,  '2017-07-25 19:00:57'),
(1388,  12, 1,  '2017-07-25 19:00:57'),
(1389,  14, 1,  '2017-07-25 19:00:57'),
(1391,  12, 1,  '2017-07-25 19:00:57'),
(1392,  14, 1,  '2017-07-25 19:00:57'),
(1394,  12, 1,  '2017-07-25 19:00:57'),
(1395,  14, 1,  '2017-07-25 19:00:57'),
(1397,  12, 1,  '2017-07-25 19:00:57'),
(1398,  14, 1,  '2017-07-25 19:00:57'),
(1400,  12, 1,  '2017-07-25 19:00:57'),
(1401,  14, 1,  '2017-07-25 19:00:57'),
(1403,  12, 1,  '2017-07-25 19:00:57'),
(1404,  14, 1,  '2017-07-25 19:00:57'),
(1406,  12, 1,  '2017-07-25 19:00:57'),
(1407,  14, 1,  '2017-07-25 19:00:57'),
(1409,  12, 1,  '2017-07-25 19:00:57'),
(1410,  14, 1,  '2017-07-25 19:00:57'),
(1412,  12, 1,  '2017-07-25 19:00:57'),
(1413,  14, 1,  '2017-07-25 19:00:57'),
(1415,  12, 1,  '2017-07-25 19:00:57'),
(1416,  14, 1,  '2017-07-25 19:00:57'),
(1418,  12, 1,  '2017-07-25 19:00:57'),
(1419,  14, 1,  '2017-07-25 19:00:57'),
(1421,  12, 1,  '2017-07-25 19:00:57'),
(1422,  14, 1,  '2017-07-25 19:00:57'),
(1424,  12, 1,  '2017-07-25 19:00:57'),
(1425,  14, 1,  '2017-07-25 19:00:57'),
(1427,  12, 1,  '2017-07-25 19:00:57'),
(1428,  14, 1,  '2017-07-25 19:00:57'),
(1430,  12, 1,  '2017-07-25 19:00:57'),
(1431,  14, 1,  '2017-07-25 19:00:57'),
(1433,  12, 1,  '2017-07-25 19:00:57'),
(1434,  14, 1,  '2017-07-25 19:00:57'),
(1436,  12, 1,  '2017-07-25 19:00:57'),
(1437,  14, 1,  '2017-07-25 19:00:57'),
(1439,  12, 1,  '2017-07-25 19:00:57'),
(1440,  14, 1,  '2017-07-25 19:00:57'),
(1442,  12, 1,  '2017-07-25 19:00:57'),
(1443,  14, 1,  '2017-07-25 19:00:57'),
(1445,  12, 1,  '2017-07-25 19:00:57'),
(1446,  14, 1,  '2017-07-25 19:00:57'),
(1448,  12, 1,  '2017-07-25 19:00:58'),
(1449,  14, 1,  '2017-07-25 19:00:58'),
(1451,  12, 1,  '2017-07-25 19:00:58'),
(1452,  14, 1,  '2017-07-25 19:00:58'),
(1454,  12, 1,  '2017-07-25 19:00:58'),
(1455,  14, 1,  '2017-07-25 19:00:58'),
(1457,  12, 1,  '2017-07-25 19:00:58'),
(1458,  14, 1,  '2017-07-25 19:00:58'),
(1460,  12, 1,  '2017-07-25 19:00:58'),
(1461,  14, 1,  '2017-07-25 19:00:58'),
(1463,  12, 1,  '2017-07-25 19:00:58'),
(1464,  14, 1,  '2017-07-25 19:00:58'),
(1466,  12, 1,  '2017-07-25 19:00:58'),
(1467,  14, 1,  '2017-07-25 19:00:58'),
(1469,  12, 1,  '2017-07-25 19:00:58'),
(1470,  14, 1,  '2017-07-25 19:00:58'),
(1472,  12, 1,  '2017-07-25 19:00:58'),
(1473,  14, 1,  '2017-07-25 19:00:58'),
(1475,  12, 1,  '2017-07-25 19:00:58'),
(1476,  14, 1,  '2017-07-25 19:00:58'),
(1478,  12, 1,  '2017-07-25 19:00:58'),
(1479,  14, 1,  '2017-07-25 19:00:58'),
(1481,  12, 1,  '2017-07-25 19:00:58'),
(1482,  14, 1,  '2017-07-25 19:00:58'),
(1484,  12, 1,  '2017-07-25 19:00:58'),
(1485,  14, 1,  '2017-07-25 19:00:58'),
(1487,  12, 1,  '2017-07-25 19:00:58'),
(1488,  14, 1,  '2017-07-25 19:00:58'),
(1490,  12, 1,  '2017-07-25 19:00:58'),
(1491,  14, 1,  '2017-07-25 19:00:58'),
(1493,  12, 1,  '2017-07-25 19:00:58'),
(1494,  14, 1,  '2017-07-25 19:00:58'),
(1496,  12, 1,  '2017-07-25 19:00:58'),
(1497,  14, 1,  '2017-07-25 19:00:58'),
(1499,  12, 1,  '2017-07-25 19:00:58'),
(1500,  14, 1,  '2017-07-25 19:00:58'),
(1502,  12, 1,  '2017-07-25 19:00:58'),
(1503,  14, 1,  '2017-07-25 19:00:58'),
(1505,  12, 1,  '2017-07-25 19:00:58'),
(1506,  14, 1,  '2017-07-25 19:00:58'),
(1508,  12, 1,  '2017-07-25 19:00:58'),
(1509,  14, 1,  '2017-07-25 19:00:58'),
(1511,  12, 1,  '2017-07-25 19:00:58'),
(1512,  14, 1,  '2017-07-25 19:00:58'),
(1514,  12, 1,  '2017-07-25 19:00:58'),
(1515,  14, 1,  '2017-07-25 19:00:58'),
(1517,  12, 1,  '2017-07-25 19:00:58'),
(1518,  14, 1,  '2017-07-25 19:00:58'),
(1520,  12, 1,  '2017-07-25 19:00:58'),
(1521,  14, 1,  '2017-07-25 19:00:58'),
(1523,  12, 1,  '2017-07-25 19:00:58'),
(1524,  14, 1,  '2017-07-25 19:00:58'),
(1526,  12, 1,  '2017-07-25 19:00:58'),
(1527,  14, 1,  '2017-07-25 19:00:58'),
(1529,  12, 1,  '2017-07-25 19:00:58'),
(1530,  14, 1,  '2017-07-25 19:00:58'),
(1532,  12, 1,  '2017-07-25 19:00:58'),
(1533,  14, 1,  '2017-07-25 19:00:58'),
(1535,  12, 1,  '2017-07-25 19:00:58'),
(1536,  14, 1,  '2017-07-25 19:00:58'),
(1538,  12, 1,  '2017-07-25 19:00:58'),
(1539,  14, 1,  '2017-07-25 19:00:58'),
(1541,  12, 1,  '2017-07-25 19:00:58'),
(1542,  14, 1,  '2017-07-25 19:00:58'),
(1544,  12, 1,  '2017-07-25 19:00:58'),
(1545,  14, 1,  '2017-07-25 19:00:58'),
(1547,  12, 1,  '2017-07-25 19:00:58'),
(1548,  14, 1,  '2017-07-25 19:00:58'),
(1550,  12, 1,  '2017-07-25 19:00:58'),
(1551,  14, 1,  '2017-07-25 19:00:58'),
(1553,  12, 1,  '2017-07-25 19:00:58'),
(1554,  14, 1,  '2017-07-25 19:00:58'),
(1556,  12, 1,  '2017-07-25 19:00:58'),
(1557,  14, 1,  '2017-07-25 19:00:58'),
(1559,  12, 1,  '2017-07-25 19:00:58'),
(1560,  14, 1,  '2017-07-25 19:00:58'),
(1562,  12, 1,  '2017-07-25 19:00:58'),
(1563,  14, 1,  '2017-07-25 19:00:58'),
(1565,  12, 1,  '2017-07-25 19:00:58'),
(1566,  14, 1,  '2017-07-25 19:00:58'),
(1568,  12, 1,  '2017-07-25 19:00:58'),
(1569,  14, 1,  '2017-07-25 19:00:58'),
(1571,  12, 1,  '2017-07-25 19:00:58'),
(1572,  14, 1,  '2017-07-25 19:00:58'),
(1574,  12, 1,  '2017-07-25 19:00:58'),
(1575,  14, 1,  '2017-07-25 19:00:58'),
(1577,  12, 1,  '2017-07-25 19:00:58'),
(1578,  14, 1,  '2017-07-25 19:00:59'),
(1580,  12, 1,  '2017-07-25 19:00:59'),
(1581,  14, 1,  '2017-07-25 19:00:59'),
(1583,  12, 1,  '2017-07-25 19:00:59'),
(1584,  14, 1,  '2017-07-25 19:00:59'),
(1586,  12, 1,  '2017-07-25 19:00:59'),
(1587,  14, 1,  '2017-07-25 19:00:59'),
(1589,  12, 1,  '2017-07-25 19:00:59'),
(1590,  14, 1,  '2017-07-25 19:00:59'),
(1592,  12, 1,  '2017-07-25 19:00:59'),
(1593,  14, 1,  '2017-07-25 19:00:59'),
(1595,  12, 1,  '2017-07-25 19:00:59'),
(1596,  14, 1,  '2017-07-25 19:00:59'),
(1598,  12, 1,  '2017-07-25 19:00:59'),
(1599,  14, 1,  '2017-07-25 19:00:59'),
(1601,  12, 1,  '2017-07-25 19:00:59'),
(1602,  14, 1,  '2017-07-25 19:00:59'),
(1604,  12, 1,  '2017-07-25 19:00:59'),
(1605,  14, 1,  '2017-07-25 19:00:59'),
(1607,  12, 1,  '2017-07-25 19:00:59'),
(1608,  14, 1,  '2017-07-25 19:00:59'),
(1610,  12, 1,  '2017-07-25 19:00:59'),
(1611,  14, 1,  '2017-07-25 19:00:59'),
(1613,  12, 1,  '2017-07-25 19:00:59'),
(1614,  14, 1,  '2017-07-25 19:00:59'),
(1616,  12, 1,  '2017-07-25 19:00:59'),
(1617,  14, 1,  '2017-07-25 19:00:59'),
(1619,  12, 1,  '2017-07-25 19:00:59'),
(1620,  14, 1,  '2017-07-25 19:00:59'),
(1622,  12, 1,  '2017-07-25 19:00:59'),
(1623,  14, 1,  '2017-07-25 19:00:59'),
(1625,  12, 1,  '2017-07-25 19:00:59'),
(1626,  14, 1,  '2017-07-25 19:00:59'),
(1628,  12, 1,  '2017-07-25 19:00:59'),
(1629,  14, 1,  '2017-07-25 19:00:59'),
(1631,  12, 1,  '2017-07-25 19:00:59'),
(1632,  14, 1,  '2017-07-25 19:00:59'),
(1634,  12, 1,  '2017-07-25 19:00:59'),
(1635,  14, 1,  '2017-07-25 19:00:59'),
(1637,  12, 1,  '2017-07-25 19:00:59'),
(1638,  14, 1,  '2017-07-25 19:00:59'),
(1640,  12, 1,  '2017-07-25 19:00:59'),
(1641,  14, 1,  '2017-07-25 19:00:59'),
(1643,  12, 1,  '2017-07-25 19:00:59'),
(1644,  14, 1,  '2017-07-25 19:00:59'),
(1646,  12, 1,  '2017-07-25 19:00:59'),
(1647,  14, 1,  '2017-07-25 19:00:59'),
(1649,  12, 1,  '2017-07-25 19:00:59'),
(1650,  14, 1,  '2017-07-25 19:00:59'),
(1652,  12, 1,  '2017-07-25 19:00:59'),
(1653,  14, 1,  '2017-07-25 19:00:59'),
(1655,  12, 1,  '2017-07-25 19:00:59'),
(1656,  14, 1,  '2017-07-25 19:00:59'),
(1658,  12, 1,  '2017-07-25 19:00:59'),
(1659,  14, 1,  '2017-07-25 19:00:59'),
(1661,  12, 1,  '2017-07-25 19:00:59'),
(1662,  14, 1,  '2017-07-25 19:00:59'),
(1664,  12, 1,  '2017-07-25 19:00:59'),
(1665,  14, 1,  '2017-07-25 19:00:59'),
(1667,  12, 1,  '2017-07-25 19:00:59'),
(1668,  14, 1,  '2017-07-25 19:00:59'),
(1670,  12, 1,  '2017-07-25 19:00:59'),
(1671,  14, 1,  '2017-07-25 19:00:59'),
(1673,  12, 1,  '2017-07-25 19:00:59'),
(1674,  14, 1,  '2017-07-25 19:00:59'),
(1676,  12, 1,  '2017-07-25 19:00:59'),
(1677,  14, 1,  '2017-07-25 19:00:59'),
(1679,  12, 1,  '2017-07-25 19:00:59'),
(1680,  14, 1,  '2017-07-25 19:00:59'),
(1682,  12, 1,  '2017-07-25 19:00:59'),
(1683,  14, 1,  '2017-07-25 19:00:59'),
(1685,  12, 1,  '2017-07-25 19:00:59'),
(1686,  14, 1,  '2017-07-25 19:00:59'),
(1688,  12, 1,  '2017-07-25 19:00:59'),
(1689,  14, 1,  '2017-07-25 19:00:59'),
(1691,  12, 1,  '2017-07-25 19:00:59'),
(1692,  14, 1,  '2017-07-25 19:00:59'),
(1694,  12, 1,  '2017-07-25 19:00:59'),
(1695,  14, 1,  '2017-07-25 19:00:59'),
(1697,  12, 1,  '2017-07-25 19:00:59'),
(1698,  14, 1,  '2017-07-25 19:00:59'),
(1700,  12, 1,  '2017-07-25 19:00:59'),
(1701,  14, 1,  '2017-07-25 19:00:59'),
(1703,  12, 1,  '2017-07-25 19:00:59'),
(1704,  14, 1,  '2017-07-25 19:00:59'),
(1706,  12, 1,  '2017-07-25 19:00:59'),
(1707,  14, 1,  '2017-07-25 19:00:59'),
(1709,  12, 1,  '2017-07-25 19:00:59'),
(1710,  14, 1,  '2017-07-25 19:00:59'),
(1712,  12, 1,  '2017-07-25 19:00:59'),
(1713,  14, 1,  '2017-07-25 19:00:59'),
(1715,  12, 1,  '2017-07-25 19:01:00'),
(1716,  14, 1,  '2017-07-25 19:01:00'),
(1718,  12, 1,  '2017-07-25 19:01:00'),
(1719,  14, 1,  '2017-07-25 19:01:00'),
(1721,  12, 1,  '2017-07-25 19:01:00'),
(1722,  14, 1,  '2017-07-25 19:01:00'),
(1724,  12, 1,  '2017-07-25 19:01:00'),
(1725,  14, 1,  '2017-07-25 19:01:00'),
(1727,  12, 1,  '2017-07-25 19:01:00'),
(1728,  14, 1,  '2017-07-25 19:01:00'),
(1730,  12, 1,  '2017-07-25 19:01:00'),
(1731,  14, 1,  '2017-07-25 19:01:00'),
(1733,  12, 1,  '2017-07-25 19:01:00'),
(1734,  14, 1,  '2017-07-25 19:01:00'),
(1736,  12, 1,  '2017-07-25 19:01:00'),
(1737,  14, 1,  '2017-07-25 19:01:00'),
(1739,  12, 1,  '2017-07-25 19:01:00'),
(1740,  14, 1,  '2017-07-25 19:01:00'),
(1742,  12, 1,  '2017-07-25 19:01:00'),
(1743,  14, 1,  '2017-07-25 19:01:00'),
(1745,  12, 1,  '2017-07-25 19:01:00'),
(1746,  14, 1,  '2017-07-25 19:01:00'),
(1748,  12, 1,  '2017-07-25 19:01:00'),
(1749,  14, 1,  '2017-07-25 19:01:00'),
(1751,  12, 1,  '2017-07-25 19:01:00'),
(1752,  14, 1,  '2017-07-25 19:01:00'),
(1754,  12, 1,  '2017-07-25 19:01:00'),
(1755,  14, 1,  '2017-07-25 19:01:00'),
(1757,  12, 1,  '2017-07-25 19:01:00'),
(1758,  14, 1,  '2017-07-25 19:01:00'),
(1760,  12, 1,  '2017-07-25 19:01:00'),
(1761,  14, 1,  '2017-07-25 19:01:00'),
(1763,  12, 1,  '2017-07-25 19:01:00'),
(1764,  14, 1,  '2017-07-25 19:01:00'),
(1766,  12, 1,  '2017-07-25 19:01:00'),
(1767,  14, 1,  '2017-07-25 19:01:00'),
(1769,  12, 1,  '2017-07-25 19:01:00'),
(1770,  14, 1,  '2017-07-25 19:01:00'),
(1772,  12, 1,  '2017-07-25 19:01:00'),
(1773,  14, 1,  '2017-07-25 19:01:00'),
(1775,  12, 1,  '2017-07-25 19:01:00'),
(1776,  14, 1,  '2017-07-25 19:01:00'),
(1778,  12, 1,  '2017-07-25 19:01:00'),
(1779,  14, 1,  '2017-07-25 19:01:00'),
(1781,  12, 1,  '2017-07-25 19:01:00'),
(1782,  14, 1,  '2017-07-25 19:01:00'),
(1784,  12, 1,  '2017-07-25 19:01:00'),
(1785,  14, 1,  '2017-07-25 19:01:00'),
(1787,  12, 1,  '2017-07-25 19:01:00'),
(1788,  14, 1,  '2017-07-25 19:01:00'),
(1790,  12, 1,  '2017-07-25 19:01:00'),
(1791,  14, 1,  '2017-07-25 19:01:00'),
(1793,  12, 1,  '2017-07-25 19:01:00'),
(1794,  14, 1,  '2017-07-25 19:01:00'),
(1796,  12, 1,  '2017-07-25 19:01:00'),
(1797,  14, 1,  '2017-07-25 19:01:00'),
(1799,  12, 1,  '2017-07-25 19:01:00'),
(1800,  14, 1,  '2017-07-25 19:01:00'),
(1802,  12, 1,  '2017-07-25 19:01:00'),
(1803,  14, 1,  '2017-07-25 19:01:00'),
(1805,  12, 1,  '2017-07-25 19:01:00'),
(1806,  14, 1,  '2017-07-25 19:01:00'),
(1808,  12, 1,  '2017-07-25 19:01:00'),
(1809,  14, 1,  '2017-07-25 19:01:00'),
(1811,  12, 1,  '2017-07-25 19:01:00'),
(1812,  14, 1,  '2017-07-25 19:01:00'),
(1814,  12, 1,  '2017-07-25 19:01:00'),
(1815,  14, 1,  '2017-07-25 19:01:00'),
(1817,  12, 1,  '2017-07-25 19:01:00'),
(1818,  14, 1,  '2017-07-25 19:01:00'),
(1820,  12, 1,  '2017-07-25 19:01:00'),
(1821,  14, 1,  '2017-07-25 19:01:00'),
(1823,  12, 1,  '2017-07-25 19:01:00'),
(1824,  14, 1,  '2017-07-25 19:01:00'),
(1826,  12, 1,  '2017-07-25 19:01:00'),
(1827,  14, 1,  '2017-07-25 19:01:00'),
(1829,  12, 1,  '2017-07-25 19:01:00'),
(1830,  14, 1,  '2017-07-25 19:01:00'),
(1832,  12, 1,  '2017-07-25 19:01:00'),
(1833,  14, 1,  '2017-07-25 19:01:00'),
(1835,  12, 1,  '2017-07-25 19:01:00'),
(1836,  14, 1,  '2017-07-25 19:01:00'),
(1838,  12, 1,  '2017-07-25 19:01:00'),
(1839,  14, 1,  '2017-07-25 19:01:00'),
(1841,  12, 1,  '2017-07-25 19:01:00'),
(1842,  14, 1,  '2017-07-25 19:01:00'),
(1844,  12, 1,  '2017-07-25 19:01:01'),
(1845,  14, 1,  '2017-07-25 19:01:01'),
(1847,  12, 1,  '2017-07-25 19:01:01'),
(1848,  14, 1,  '2017-07-25 19:01:01'),
(1850,  12, 1,  '2017-07-25 19:01:01'),
(1851,  14, 1,  '2017-07-25 19:01:01'),
(1853,  12, 1,  '2017-07-25 19:01:01'),
(1854,  14, 1,  '2017-07-25 19:01:01'),
(1856,  12, 1,  '2017-07-25 19:01:01'),
(1857,  14, 1,  '2017-07-25 19:01:01'),
(1859,  12, 1,  '2017-07-25 19:01:01'),
(1860,  14, 1,  '2017-07-25 19:01:01'),
(1862,  12, 1,  '2017-07-25 19:01:01'),
(1863,  14, 1,  '2017-07-25 19:01:01'),
(1865,  12, 1,  '2017-07-25 19:01:01'),
(1866,  14, 1,  '2017-07-25 19:01:01'),
(1868,  12, 1,  '2017-07-25 19:01:01'),
(1869,  14, 1,  '2017-07-25 19:01:01'),
(1871,  12, 1,  '2017-07-25 19:01:01'),
(1872,  14, 1,  '2017-07-25 19:01:01'),
(1874,  12, 1,  '2017-07-25 19:01:01'),
(1875,  14, 1,  '2017-07-25 19:01:01'),
(1877,  12, 1,  '2017-07-25 19:01:01'),
(1878,  14, 1,  '2017-07-25 19:01:01'),
(1880,  12, 1,  '2017-07-25 19:01:01'),
(1881,  14, 1,  '2017-07-25 19:01:01'),
(1883,  12, 1,  '2017-07-25 19:01:01'),
(1884,  14, 1,  '2017-07-25 19:01:01'),
(1886,  12, 1,  '2017-07-25 19:01:01'),
(1887,  14, 1,  '2017-07-25 19:01:01'),
(1889,  12, 1,  '2017-07-25 19:01:01'),
(1890,  14, 1,  '2017-07-25 19:01:01'),
(1892,  12, 1,  '2017-07-25 19:01:01'),
(1893,  14, 1,  '2017-07-25 19:01:01'),
(1895,  12, 1,  '2017-07-25 19:01:01'),
(1896,  14, 1,  '2017-07-25 19:01:01'),
(1898,  12, 1,  '2017-07-25 19:01:01'),
(1899,  14, 1,  '2017-07-25 19:01:01'),
(1901,  12, 1,  '2017-07-25 19:01:01'),
(1902,  14, 1,  '2017-07-25 19:01:01'),
(1904,  12, 1,  '2017-07-25 19:01:01'),
(1905,  14, 1,  '2017-07-25 19:01:01'),
(1907,  12, 1,  '2017-07-25 19:01:01'),
(1908,  14, 1,  '2017-07-25 19:01:01'),
(1910,  12, 1,  '2017-07-25 19:01:01'),
(1911,  14, 1,  '2017-07-25 19:01:01'),
(1913,  12, 1,  '2017-07-25 19:01:01'),
(1914,  14, 1,  '2017-07-25 19:01:01'),
(1916,  12, 1,  '2017-07-25 19:01:01'),
(1917,  14, 1,  '2017-07-25 19:01:01'),
(1919,  12, 1,  '2017-07-25 19:01:01'),
(1920,  14, 1,  '2017-07-25 19:01:01'),
(1922,  12, 1,  '2017-07-25 19:01:01'),
(1923,  14, 1,  '2017-07-25 19:01:01'),
(1925,  12, 1,  '2017-07-25 19:01:01'),
(1926,  14, 1,  '2017-07-25 19:01:01'),
(1928,  12, 1,  '2017-07-25 19:01:01'),
(1929,  14, 1,  '2017-07-25 19:01:01'),
(1931,  12, 1,  '2017-07-25 19:01:01'),
(1932,  14, 1,  '2017-07-25 19:01:01'),
(1934,  12, 1,  '2017-07-25 19:01:01'),
(1935,  14, 1,  '2017-07-25 19:01:01'),
(1937,  12, 1,  '2017-07-25 19:01:01'),
(1938,  14, 1,  '2017-07-25 19:01:01'),
(1940,  12, 1,  '2017-07-25 19:01:01'),
(1941,  14, 1,  '2017-07-25 19:01:01'),
(1943,  12, 1,  '2017-07-25 19:01:01'),
(1944,  14, 1,  '2017-07-25 19:01:01'),
(1946,  12, 1,  '2017-07-25 19:01:01'),
(1947,  14, 1,  '2017-07-25 19:01:01'),
(1949,  12, 1,  '2017-07-25 19:01:01'),
(1950,  14, 1,  '2017-07-25 19:01:01'),
(1952,  12, 1,  '2017-07-25 19:01:01'),
(1953,  14, 1,  '2017-07-25 19:01:01'),
(1955,  12, 1,  '2017-07-25 19:01:01'),
(1956,  14, 1,  '2017-07-25 19:01:01'),
(1958,  12, 1,  '2017-07-25 19:01:01'),
(1959,  14, 1,  '2017-07-25 19:01:01'),
(1961,  12, 1,  '2017-07-25 19:01:01'),
(1962,  14, 1,  '2017-07-25 19:01:01'),
(1964,  12, 1,  '2017-07-25 19:01:01'),
(1965,  14, 1,  '2017-07-25 19:01:01'),
(1967,  12, 1,  '2017-07-25 19:01:01'),
(1968,  14, 1,  '2017-07-25 19:01:01'),
(1970,  12, 1,  '2017-07-25 19:01:01'),
(1971,  14, 1,  '2017-07-25 19:01:01'),
(1973,  12, 1,  '2017-07-25 19:01:01'),
(1974,  14, 1,  '2017-07-25 19:01:01'),
(1976,  12, 1,  '2017-07-25 19:01:01'),
(1977,  14, 1,  '2017-07-25 19:01:01'),
(1979,  12, 1,  '2017-07-25 19:01:02'),
(1980,  14, 1,  '2017-07-25 19:01:02'),
(1982,  12, 1,  '2017-07-25 19:01:02'),
(1983,  14, 1,  '2017-07-25 19:01:02'),
(1985,  12, 1,  '2017-07-25 19:01:02'),
(1986,  14, 1,  '2017-07-25 19:01:02'),
(1988,  12, 1,  '2017-07-25 19:01:02'),
(1989,  14, 1,  '2017-07-25 19:01:02'),
(1991,  12, 1,  '2017-07-25 19:01:02'),
(1992,  14, 1,  '2017-07-25 19:01:02'),
(1994,  12, 1,  '2017-07-25 19:01:02'),
(1995,  14, 1,  '2017-07-25 19:01:02'),
(1997,  12, 1,  '2017-07-25 19:01:02'),
(1998,  14, 1,  '2017-07-25 19:01:02'),
(2000,  12, 1,  '2017-07-25 19:01:02'),
(2001,  14, 1,  '2017-07-25 19:01:02'),
(2003,  12, 1,  '2017-07-25 19:01:02'),
(2004,  14, 1,  '2017-07-25 19:01:02'),
(2006,  12, 1,  '2017-07-25 19:01:02'),
(2007,  14, 1,  '2017-07-25 19:01:02'),
(2009,  12, 1,  '2017-07-25 19:01:02'),
(2010,  14, 1,  '2017-07-25 19:01:02'),
(2012,  12, 1,  '2017-07-25 19:01:02'),
(2013,  14, 1,  '2017-07-25 19:01:02'),
(2015,  12, 1,  '2017-07-25 19:01:02'),
(2016,  14, 1,  '2017-07-25 19:01:02'),
(2018,  12, 1,  '2017-07-25 19:01:02'),
(2019,  14, 1,  '2017-07-25 19:01:02'),
(2021,  12, 1,  '2017-07-25 19:01:02'),
(2022,  14, 1,  '2017-07-25 19:01:02'),
(2024,  12, 1,  '2017-07-25 19:01:02'),
(2025,  14, 1,  '2017-07-25 19:01:02'),
(2027,  12, 1,  '2017-07-25 19:01:02'),
(2028,  14, 1,  '2017-07-25 19:01:02'),
(2030,  12, 1,  '2017-07-25 19:01:02'),
(2031,  14, 1,  '2017-07-25 19:01:02'),
(2033,  12, 1,  '2017-07-25 19:01:02'),
(2034,  14, 1,  '2017-07-25 19:01:02'),
(2036,  12, 1,  '2017-07-25 19:01:02'),
(2037,  14, 1,  '2017-07-25 19:01:02'),
(2039,  12, 1,  '2017-07-25 19:01:02'),
(2040,  14, 1,  '2017-07-25 19:01:02'),
(2042,  12, 1,  '2017-07-25 19:01:02'),
(2043,  14, 1,  '2017-07-25 19:01:02'),
(2045,  12, 1,  '2017-07-25 19:01:02'),
(2046,  14, 1,  '2017-07-25 19:01:02'),
(2048,  12, 1,  '2017-07-25 19:01:02'),
(2049,  14, 1,  '2017-07-25 19:01:02'),
(2051,  12, 1,  '2017-07-25 19:01:02'),
(2052,  14, 1,  '2017-07-25 19:01:02'),
(2054,  12, 1,  '2017-07-25 19:01:02'),
(2055,  14, 1,  '2017-07-25 19:01:02'),
(2057,  12, 1,  '2017-07-25 19:01:02'),
(2058,  14, 1,  '2017-07-25 19:01:02'),
(2060,  12, 1,  '2017-07-25 19:01:02'),
(2061,  14, 1,  '2017-07-25 19:01:02'),
(2063,  12, 1,  '2017-07-25 19:01:02'),
(2064,  14, 1,  '2017-07-25 19:01:02'),
(2066,  12, 1,  '2017-07-25 19:01:02'),
(2067,  14, 1,  '2017-07-25 19:01:02'),
(2069,  12, 1,  '2017-07-25 19:01:02'),
(2070,  14, 1,  '2017-07-25 19:01:02'),
(2072,  12, 1,  '2017-07-25 19:01:02'),
(2073,  14, 1,  '2017-07-25 19:01:02'),
(2075,  12, 1,  '2017-07-25 19:01:02'),
(2076,  14, 1,  '2017-07-25 19:01:02'),
(2078,  12, 1,  '2017-07-25 19:01:02'),
(2079,  14, 1,  '2017-07-25 19:01:02'),
(2081,  12, 1,  '2017-07-25 19:01:02'),
(2082,  14, 1,  '2017-07-25 19:01:02'),
(2084,  12, 1,  '2017-07-25 19:01:02'),
(2085,  14, 1,  '2017-07-25 19:01:02'),
(2087,  12, 1,  '2017-07-25 19:01:02'),
(2088,  14, 1,  '2017-07-25 19:01:02'),
(2090,  12, 1,  '2017-07-25 19:01:02'),
(2091,  14, 1,  '2017-07-25 19:01:02'),
(2093,  12, 1,  '2017-07-25 19:01:02'),
(2094,  14, 1,  '2017-07-25 19:01:02'),
(2096,  12, 1,  '2017-07-25 19:01:02'),
(2097,  14, 1,  '2017-07-25 19:01:02'),
(2099,  12, 1,  '2017-07-25 19:01:02'),
(2100,  14, 1,  '2017-07-25 19:01:02'),
(2102,  12, 1,  '2017-07-25 19:01:02'),
(2103,  14, 1,  '2017-07-25 19:01:02'),
(2105,  12, 1,  '2017-07-25 19:01:02'),
(2106,  14, 1,  '2017-07-25 19:01:02'),
(2108,  12, 1,  '2017-07-25 19:01:02'),
(2109,  14, 1,  '2017-07-25 19:01:02'),
(2111,  12, 1,  '2017-07-25 19:01:02'),
(2112,  14, 1,  '2017-07-25 19:01:02'),
(2114,  12, 1,  '2017-07-25 19:01:02'),
(2115,  14, 1,  '2017-07-25 19:01:03'),
(2117,  12, 1,  '2017-07-25 19:01:03'),
(2118,  14, 1,  '2017-07-25 19:01:03'),
(2120,  12, 1,  '2017-07-25 19:01:03'),
(2121,  14, 1,  '2017-07-25 19:01:03'),
(2123,  12, 1,  '2017-07-25 19:01:03'),
(2124,  14, 1,  '2017-07-25 19:01:03'),
(2126,  12, 1,  '2017-07-25 19:01:03'),
(2127,  14, 1,  '2017-07-25 19:01:03'),
(2129,  12, 1,  '2017-07-25 19:01:03'),
(2130,  14, 1,  '2017-07-25 19:01:03'),
(2132,  12, 1,  '2017-07-25 19:01:03'),
(2133,  14, 1,  '2017-07-25 19:01:03'),
(2135,  12, 1,  '2017-07-25 19:01:03'),
(2136,  14, 1,  '2017-07-25 19:01:03'),
(2138,  12, 1,  '2017-07-25 19:01:03'),
(2139,  14, 1,  '2017-07-25 19:01:03'),
(2141,  12, 1,  '2017-07-25 19:01:03'),
(2142,  14, 1,  '2017-07-25 19:01:03'),
(2144,  12, 1,  '2017-07-25 19:01:03'),
(2145,  14, 1,  '2017-07-25 19:01:03'),
(2147,  12, 1,  '2017-07-25 19:01:03'),
(2148,  14, 1,  '2017-07-25 19:01:03'),
(2150,  12, 1,  '2017-07-25 19:01:03'),
(2151,  14, 1,  '2017-07-25 19:01:03'),
(2153,  12, 1,  '2017-07-25 19:01:03'),
(2154,  14, 1,  '2017-07-25 19:01:03'),
(2156,  12, 1,  '2017-07-25 19:01:03'),
(2157,  14, 1,  '2017-07-25 19:01:03'),
(2159,  12, 1,  '2017-07-25 19:01:03'),
(2160,  14, 1,  '2017-07-25 19:01:03'),
(2162,  12, 1,  '2017-07-25 19:01:03'),
(2163,  14, 1,  '2017-07-25 19:01:03'),
(2165,  12, 1,  '2017-07-25 19:01:03'),
(2166,  14, 1,  '2017-07-25 19:01:03'),
(2168,  12, 1,  '2017-07-25 19:01:03'),
(2169,  14, 1,  '2017-07-25 19:01:03'),
(2171,  12, 1,  '2017-07-25 19:01:03'),
(2172,  14, 1,  '2017-07-25 19:01:03'),
(2174,  12, 1,  '2017-07-25 19:01:03'),
(2175,  14, 1,  '2017-07-25 19:01:03'),
(2177,  12, 1,  '2017-07-25 19:01:03'),
(2178,  14, 1,  '2017-07-25 19:01:03'),
(2180,  12, 1,  '2017-07-25 19:01:03'),
(2181,  14, 1,  '2017-07-25 19:01:03'),
(2183,  12, 1,  '2017-07-25 19:01:03'),
(2184,  14, 1,  '2017-07-25 19:01:03'),
(2186,  12, 1,  '2017-07-25 19:01:03'),
(2187,  14, 1,  '2017-07-25 19:01:03'),
(2189,  12, 1,  '2017-07-25 19:01:03'),
(2190,  14, 1,  '2017-07-25 19:01:03'),
(2192,  12, 1,  '2017-07-25 19:01:03'),
(2193,  14, 1,  '2017-07-25 19:01:03'),
(2195,  12, 1,  '2017-07-25 19:01:03'),
(2196,  14, 1,  '2017-07-25 19:01:03'),
(2198,  12, 1,  '2017-07-25 19:01:03'),
(2199,  14, 1,  '2017-07-25 19:01:03'),
(2201,  12, 1,  '2017-07-25 19:01:03'),
(2202,  14, 1,  '2017-07-25 19:01:03'),
(2204,  12, 1,  '2017-07-25 19:01:03'),
(2205,  14, 1,  '2017-07-25 19:01:03'),
(2207,  12, 1,  '2017-07-25 19:01:03'),
(2208,  14, 1,  '2017-07-25 19:01:03'),
(2210,  12, 1,  '2017-07-25 19:01:03'),
(2211,  14, 1,  '2017-07-25 19:01:03'),
(2213,  12, 1,  '2017-07-25 19:01:03'),
(2214,  14, 1,  '2017-07-25 19:01:03'),
(2216,  12, 1,  '2017-07-25 19:01:03'),
(2217,  14, 1,  '2017-07-25 19:01:03'),
(2219,  12, 1,  '2017-07-25 19:01:03'),
(2220,  14, 1,  '2017-07-25 19:01:03'),
(2222,  12, 1,  '2017-07-25 19:01:03'),
(2223,  14, 1,  '2017-07-25 19:01:03'),
(2225,  12, 1,  '2017-07-25 19:01:03'),
(2226,  14, 1,  '2017-07-25 19:01:03'),
(2228,  12, 1,  '2017-07-25 19:01:03'),
(2229,  14, 1,  '2017-07-25 19:01:03'),
(2231,  12, 1,  '2017-07-25 19:01:03'),
(2232,  14, 1,  '2017-07-25 19:01:03'),
(2234,  12, 1,  '2017-07-25 19:01:03'),
(2235,  14, 1,  '2017-07-25 19:01:03'),
(2237,  12, 1,  '2017-07-25 19:01:03'),
(2238,  14, 1,  '2017-07-25 19:01:03'),
(2240,  12, 1,  '2017-07-25 19:01:03'),
(2241,  14, 1,  '2017-07-25 19:01:03'),
(2243,  12, 1,  '2017-07-25 19:01:03'),
(2244,  14, 1,  '2017-07-25 19:01:03'),
(2246,  12, 1,  '2017-07-25 19:01:03'),
(2247,  14, 1,  '2017-07-25 19:01:03'),
(2249,  12, 1,  '2017-07-25 19:01:03'),
(2250,  14, 1,  '2017-07-25 19:01:03'),
(2252,  12, 1,  '2017-07-25 19:01:03'),
(2253,  14, 1,  '2017-07-25 19:01:03'),
(2255,  12, 1,  '2017-07-25 19:01:03'),
(2256,  14, 1,  '2017-07-25 19:01:03'),
(2258,  12, 1,  '2017-07-25 19:01:04'),
(2259,  14, 1,  '2017-07-25 19:01:04'),
(2261,  12, 1,  '2017-07-25 19:01:04'),
(2262,  14, 1,  '2017-07-25 19:01:04'),
(2264,  12, 1,  '2017-07-25 19:01:04'),
(2265,  14, 1,  '2017-07-25 19:01:04'),
(2267,  12, 1,  '2017-07-25 19:01:04'),
(2268,  14, 1,  '2017-07-25 19:01:04'),
(2270,  12, 1,  '2017-07-25 19:01:04'),
(2271,  14, 1,  '2017-07-25 19:01:04'),
(2273,  12, 1,  '2017-07-25 19:01:04'),
(2274,  14, 1,  '2017-07-25 19:01:04'),
(2276,  12, 1,  '2017-07-25 19:01:04'),
(2277,  14, 1,  '2017-07-25 19:01:04'),
(2279,  12, 1,  '2017-07-25 19:01:04'),
(2280,  14, 1,  '2017-07-25 19:01:04'),
(2282,  12, 1,  '2017-07-25 19:01:04'),
(2283,  14, 1,  '2017-07-25 19:01:04'),
(2285,  12, 1,  '2017-07-25 19:01:04'),
(2286,  14, 1,  '2017-07-25 19:01:04'),
(2288,  12, 1,  '2017-07-25 19:01:04'),
(2289,  14, 1,  '2017-07-25 19:01:04'),
(2291,  12, 1,  '2017-07-25 19:01:04'),
(2292,  14, 1,  '2017-07-25 19:01:04'),
(2294,  12, 1,  '2017-07-25 19:01:04'),
(2295,  14, 1,  '2017-07-25 19:01:04'),
(2297,  12, 1,  '2017-07-25 19:01:04'),
(2298,  14, 1,  '2017-07-25 19:01:04'),
(2300,  12, 1,  '2017-07-25 19:01:04'),
(2301,  14, 1,  '2017-07-25 19:01:04'),
(2303,  12, 1,  '2017-07-25 19:01:04'),
(2304,  14, 1,  '2017-07-25 19:01:04'),
(2306,  12, 1,  '2017-07-25 19:01:04'),
(2307,  14, 1,  '2017-07-25 19:01:04'),
(2309,  12, 1,  '2017-07-25 19:01:04'),
(2310,  14, 1,  '2017-07-25 19:01:04'),
(2312,  12, 1,  '2017-07-25 19:01:04'),
(2313,  14, 1,  '2017-07-25 19:01:04'),
(2315,  12, 1,  '2017-07-25 19:01:04'),
(2316,  14, 1,  '2017-07-25 19:01:04'),
(2318,  12, 1,  '2017-07-25 19:01:04'),
(2319,  14, 1,  '2017-07-25 19:01:04'),
(2321,  12, 1,  '2017-07-25 19:01:04'),
(2322,  14, 1,  '2017-07-25 19:01:04'),
(2324,  13, 1,  '2017-07-25 19:01:04'),
(2325,  17, 1,  '2017-07-25 19:02:18'),
(2327,  13, 1,  '2017-07-25 19:03:51'),
(2328,  17, 1,  '2017-07-25 19:04:04'),
(2330,  13, 1,  '2017-07-25 19:07:33'),
(2331,  35, 1,  '2017-07-25 19:09:34'),
(2333,  17, 1,  '2017-07-25 20:22:08'),
(2334,  35, 1,  '2017-07-25 20:49:59'),
(2336,  3,  0,  '2017-07-25 22:06:45'),
(2337,  37, 1,  '2017-07-25 22:26:17'),
(2338,  17, 1,  '2017-07-27 10:07:01'),
(2340,  13, 1,  '2017-07-27 10:07:01'),
(2341,  17, 1,  '2017-07-27 12:22:13'),
(2343,  13, 1,  '2017-07-27 12:22:13'),
(2344,  17, 1,  '2017-07-27 12:22:19'),
(2346,  13, 1,  '2017-07-27 12:22:30'),
(2347,  17, 1,  '2017-07-27 12:23:13'),
(2349,  13, 1,  '2017-07-27 12:23:13'),
(2350,  17, 1,  '2017-07-27 12:24:26'),
(2352,  13, 1,  '2017-07-27 12:24:27'),
(2353,  17, 1,  '2017-07-27 12:25:24'),
(2355,  13, 1,  '2017-07-27 12:25:25'),
(2356,  17, 1,  '2017-07-27 12:26:00'),
(2358,  13, 1,  '2017-07-27 12:26:00'),
(2359,  17, 1,  '2017-07-27 12:26:07'),
(2361,  13, 1,  '2017-07-27 12:26:07'),
(2362,  17, 1,  '2017-07-27 12:26:21'),
(2364,  13, 1,  '2017-07-27 12:26:21'),
(2365,  17, 1,  '2017-07-27 12:33:48'),
(2367,  13, 1,  '2017-07-27 12:33:48'),
(2368,  17, 1,  '2017-07-27 12:34:00'),
(2370,  13, 1,  '2017-07-27 12:35:36'),
(2371,  17, 1,  '2017-07-27 12:35:51'),
(2373,  13, 1,  '2017-07-27 12:35:51'),
(2374,  17, 1,  '2017-07-27 12:35:55'),
(2375,  3,  1,  '2017-07-27 12:38:22'),
(2376,  17, 1,  '2017-07-27 12:39:55'),
(2378,  13, 1,  '2017-07-27 12:39:55'),
(2379,  21, 1,  '2017-07-27 13:29:42'),
(2381,  21, 1,  '2017-07-27 13:30:26'),
(2382,  35, 1,  '2017-07-27 13:31:28'),
(2383,  6,  1,  '2017-07-27 14:46:00'),
(2384,  18, 1,  '2017-07-27 14:46:01'),
(2385,  1,  1,  '2017-07-27 16:14:26'),
(2386,  2,  1,  '2017-07-27 16:14:26'),
(2387,  16, 1,  '2017-07-27 16:14:26'),
(2389,  17, 1,  '2017-07-27 20:55:11'),
(2390,  32, 1,  '2017-07-28 10:50:11'),
(2391,  16, 1,  '2017-07-28 11:39:34'),
(2392,  1,  1,  '2017-07-28 11:39:34'),
(2393,  16, 1,  '2017-07-28 11:39:42'),
(2394,  18, 1,  '2017-07-30 10:43:18'),
(2395,  6,  1,  '2017-07-30 10:43:18'),
(2396,  18, 1,  '2017-07-30 10:43:36'),
(2397,  6,  1,  '2017-07-30 10:43:36'),
(2398,  1,  1,  '2017-07-30 22:35:13'),
(2399,  2,  1,  '2017-07-30 22:35:13'),
(2400,  1,  1,  '2017-07-30 22:36:46'),
(2401,  2,  1,  '2017-07-30 22:36:46'),
(2402,  1,  1,  '2017-07-30 22:37:02'),
(2403,  1,  1,  '2017-07-30 23:59:53'),
(2404,  2,  1,  '2017-07-30 23:59:53'),
(2406,  17, 1,  '2017-07-31 13:00:30'),
(2407,  17, 1,  '2017-07-31 15:48:05'),
(2409,  13, 1,  '2017-07-31 15:48:05'),
(2410,  1,  1,  '2017-07-31 15:54:13'),
(2411,  2,  1,  '2017-07-31 15:54:14'),
(2412,  9,  1,  '2017-07-31 17:16:37'),
(2413,  10, 1,  '2017-07-31 17:16:37'),
(2414,  19, 1,  '2017-07-31 17:16:37'),
(2415,  9,  1,  '2017-07-31 17:16:42'),
(2416,  1,  1,  '2017-07-31 17:19:06'),
(2417,  2,  1,  '2017-07-31 17:19:07'),
(2418,  1,  1,  '2017-08-03 19:08:06'),
(2419,  2,  1,  '2017-08-03 19:10:07'),
(2420,  17, 1,  '2017-08-04 15:27:30'),
(2422,  13, 1,  '2017-08-04 15:27:30'),
(2423,  1,  1,  '2017-08-04 15:27:39'),
(2424,  2,  1,  '2017-08-04 15:27:39'),
(2425,  13, 1,  '2017-08-04 15:33:25'),
(2426,  12, 1,  '2017-08-04 15:33:25'),
(2427,  17, 1,  '2017-08-04 15:33:25'),
(2428,  10, 1,  '2017-08-04 15:59:21'),
(2429,  9,  1,  '2017-08-04 15:59:22'),
(2430,  15, 1,  '2017-08-04 15:59:22'),
(2431,  10, 1,  '2017-08-04 15:59:23'),
(2432,  9,  1,  '2017-08-04 15:59:31'),
(2433,  15, 1,  '2017-08-04 15:59:31'),
(2434,  42, 1,  '2017-08-04 16:01:32'),
(2435,  45, 1,  '2017-08-04 16:03:25'),
(2436,  17, 1,  '2017-08-05 12:09:31'),
(2438,  13, 1,  '2017-08-05 12:09:31'),
(2439,  17, 1,  '2017-08-05 12:13:20'),
(2441,  13, 1,  '2017-08-05 12:13:20'),
(2442,  6,  1,  '2017-08-05 12:13:32'),
(2443,  18, 1,  '2017-08-05 12:13:32'),
(2444,  6,  1,  '2017-08-05 12:27:54'),
(2445,  18, 1,  '2017-08-05 12:27:54'),
(2446,  6,  1,  '2017-08-05 12:28:18'),
(2447,  18, 1,  '2017-08-05 12:28:19'),
(2448,  6,  1,  '2017-08-05 12:28:36'),
(2449,  18, 1,  '2017-08-05 12:28:36'),
(2450,  31, 1,  '2017-08-05 12:29:39'),
(2451,  50, 3,  '2017-08-05 22:28:25'),
(2452,  21, 3,  '2017-08-07 09:33:18'),
(2453,  9,  3,  '2017-08-07 09:44:54'),
(2454,  10, 3,  '2017-08-07 09:44:55'),
(2455,  19, 3,  '2017-08-07 09:44:55'),
(2456,  9,  3,  '2017-08-07 09:44:57'),
(2457,  21, 3,  '2017-08-07 09:45:41'),
(2458,  16, 1,  '2017-08-07 10:36:47'),
(2460,  17, 1,  '2017-08-07 11:05:30'),
(2462,  17, 1,  '2017-08-07 11:05:57'),
(2463,  1,  1,  '2017-08-07 12:02:32'),
(2464,  2,  1,  '2017-08-07 12:02:32'),
(2466,  17, 1,  '2017-08-07 14:10:35'),
(2468,  17, 1,  '2017-08-07 14:19:16'),
(2470,  17, 1,  '2017-08-07 14:19:40'),
(2472,  17, 1,  '2017-08-07 16:02:28'),
(2473,  12, 1,  '2017-08-07 16:15:41'),
(2474,  13, 1,  '2017-08-07 16:15:41'),
(2475,  6,  1,  '2017-08-07 16:16:09'),
(2476,  18, 1,  '2017-08-07 16:16:10'),
(2477,  6,  1,  '2017-08-07 16:16:12'),
(2478,  18, 1,  '2017-08-07 16:16:26'),
(2479,  6,  1,  '2017-08-07 16:16:29'),
(2480,  18, 1,  '2017-08-07 16:16:44'),
(2481,  9,  1,  '2017-08-07 23:05:30'),
(2482,  10, 1,  '2017-08-07 23:05:31'),
(2483,  19, 1,  '2017-08-07 23:05:31'),
(2484,  9,  1,  '2017-08-07 23:05:32'),
(2485,  17, 1,  '2017-08-08 19:22:45'),
(2487,  13, 1,  '2017-08-08 19:22:45'),
(2488,  42, 1,  '2017-08-09 23:16:15'),
(2489,  1,  1,  '2017-08-10 00:32:41'),
(2490,  2,  1,  '2017-08-10 00:32:41'),
(2492,  17, 1,  '2017-08-10 14:14:14'),
(2493,  17, 1,  '2017-08-10 15:31:56'),
(2494,  13, 1,  '2017-08-10 15:32:09'),
(2495,  17, 1,  '2017-08-10 15:32:09'),
(2497,  13, 1,  '2017-08-10 15:36:20'),
(2498,  17, 1,  '2017-08-10 15:36:31'),
(2500,  13, 1,  '2017-08-10 15:36:31'),
(2501,  17, 1,  '2017-08-10 15:36:37'),
(2503,  13, 1,  '2017-08-10 15:38:42'),
(2504,  60, 1,  '2017-08-10 15:44:12'),
(2506,  17, 1,  '2017-08-10 16:29:02'),
(2508,  17, 1,  '2017-08-10 16:29:22'),
(2510,  17, 1,  '2017-08-10 17:21:06'),
(2512,  17, 1,  '2017-08-10 17:21:52'),
(2514,  17, 1,  '2017-08-10 17:22:16'),
(2515,  17, 1,  '2017-08-10 21:31:26'),
(2517,  13, 1,  '2017-08-10 21:31:26'),
(2518,  17, 1,  '2017-08-10 21:33:12'),
(2520,  13, 1,  '2017-08-10 21:33:13'),
(2521,  17, 1,  '2017-08-10 21:33:48'),
(2523,  13, 1,  '2017-08-10 21:33:48'),
(2524,  17, 1,  '2017-08-10 21:33:51'),
(2526,  13, 1,  '2017-08-10 21:48:37'),
(2527,  17, 1,  '2017-08-10 21:49:34'),
(2529,  13, 1,  '2017-08-10 21:49:34'),
(2530,  17, 1,  '2017-08-10 21:49:39'),
(2532,  13, 1,  '2017-08-10 21:49:39'),
(2533,  17, 1,  '2017-08-10 21:49:56'),
(2535,  13, 1,  '2017-08-10 21:49:57'),
(2537,  17, 1,  '2017-08-10 21:51:40'),
(2539,  17, 1,  '2017-08-10 21:51:46'),
(2541,  17, 1,  '2017-08-10 21:52:43'),
(2543,  17, 1,  '2017-08-10 21:53:10'),
(2545,  17, 1,  '2017-08-10 21:56:53'),
(2547,  17, 1,  '2017-08-10 21:56:58'),
(2549,  17, 1,  '2017-08-10 21:59:05'),
(2551,  17, 1,  '2017-08-10 21:59:29'),
(2554,  17, 1,  '2017-08-10 22:07:21'),
(2556,  17, 1,  '2017-08-10 22:07:54'),
(2558,  17, 1,  '2017-08-10 22:09:17'),
(2560,  17, 1,  '2017-08-10 22:10:31'),
(2562,  17, 1,  '2017-08-10 22:11:17'),
(2564,  17, 1,  '2017-08-10 22:11:43'),
(2566,  17, 1,  '2017-08-10 22:12:07'),
(2568,  17, 1,  '2017-08-10 22:48:33'),
(2570,  13, 1,  '2017-08-10 22:48:33'),
(2571,  17, 1,  '2017-08-10 22:48:45'),
(2573,  13, 1,  '2017-08-10 22:48:46'),
(2574,  17, 1,  '2017-08-10 22:49:54'),
(2576,  13, 1,  '2017-08-10 22:49:54'),
(2577,  17, 1,  '2017-08-10 22:49:57'),
(2579,  13, 1,  '2017-08-10 22:49:57'),
(2580,  17, 1,  '2017-08-10 22:50:05'),
(2582,  13, 1,  '2017-08-10 22:50:06'),
(2583,  17, 1,  '2017-08-10 22:51:22'),
(2585,  13, 1,  '2017-08-10 22:51:23'),
(2586,  17, 1,  '2017-08-10 22:51:26'),
(2588,  13, 1,  '2017-08-10 22:51:27'),
(2589,  17, 1,  '2017-08-10 22:52:06'),
(2591,  13, 1,  '2017-08-10 22:52:07'),
(2592,  17, 1,  '2017-08-10 22:56:45'),
(2594,  13, 1,  '2017-08-10 22:56:45'),
(2595,  17, 1,  '2017-08-10 22:58:08'),
(2597,  13, 1,  '2017-08-10 22:58:08'),
(2598,  17, 1,  '2017-08-10 22:58:11'),
(2600,  13, 1,  '2017-08-10 22:58:11'),
(2602,  17, 1,  '2017-08-10 22:58:20'),
(2603,  17, 1,  '2017-08-10 23:46:25'),
(2605,  13, 1,  '2017-08-10 23:46:25'),
(2606,  17, 1,  '2017-08-10 23:47:34'),
(2608,  13, 1,  '2017-08-10 23:47:35'),
(2609,  17, 1,  '2017-08-10 23:47:50'),
(2611,  13, 1,  '2017-08-10 23:47:50'),
(2612,  17, 1,  '2017-08-10 23:48:33'),
(2614,  13, 1,  '2017-08-10 23:48:33'),
(2615,  17, 1,  '2017-08-10 23:54:13'),
(2617,  13, 1,  '2017-08-10 23:54:13'),
(2618,  12, 1,  '2017-08-10 23:56:54'),
(2619,  17, 1,  '2017-08-10 23:56:54'),
(2621,  17, 1,  '2017-08-11 00:07:38'),
(2623,  17, 1,  '2017-08-11 00:25:56'),
(2625,  17, 1,  '2017-08-11 00:51:59'),
(2627,  17, 1,  '2017-08-11 00:52:31'),
(2629,  13, 1,  '2017-08-11 00:52:36'),
(2630,  17, 1,  '2017-08-11 00:54:43'),
(2632,  13, 1,  '2017-08-11 00:54:43'),
(2633,  17, 1,  '2017-08-11 00:56:00'),
(2635,  13, 1,  '2017-08-11 00:56:00'),
(2637,  17, 1,  '2017-08-11 10:25:42'),
(2639,  17, 1,  '2017-08-11 10:26:07'),
(2641,  17, 1,  '2017-08-11 10:26:22'),
(2643,  17, 1,  '2017-08-11 10:26:28'),
(2645,  17, 1,  '2017-08-11 10:26:54'),
(2646,  61, 1,  '2017-08-11 10:34:16'),
(2647,  62, 1,  '2017-08-11 10:36:53'),
(2648,  17, 1,  '2017-08-12 13:46:41'),
(2650,  13, 1,  '2017-08-12 13:46:42'),
(2651,  17, 1,  '2017-08-12 13:47:29'),
(2653,  13, 1,  '2017-08-12 13:47:29'),
(2654,  17, 1,  '2017-08-12 13:47:40'),
(2656,  13, 1,  '2017-08-12 13:47:40'),
(2657,  17, 1,  '2017-08-12 13:47:48'),
(2659,  13, 1,  '2017-08-12 13:47:48'),
(2660,  17, 1,  '2017-08-12 13:48:14'),
(2662,  13, 1,  '2017-08-12 13:48:14'),
(2663,  17, 1,  '2017-08-12 13:51:50'),
(2665,  13, 1,  '2017-08-12 13:52:05'),
(2666,  17, 1,  '2017-08-12 13:52:53'),
(2668,  13, 1,  '2017-08-12 13:52:53'),
(2669,  17, 1,  '2017-08-12 13:54:10'),
(2671,  13, 1,  '2017-08-12 13:54:10'),
(2672,  17, 1,  '2017-08-12 13:54:31'),
(2674,  13, 1,  '2017-08-12 13:54:43'),
(2675,  17, 1,  '2017-08-12 13:56:31'),
(2677,  13, 1,  '2017-08-12 13:56:31'),
(2678,  17, 1,  '2017-08-12 13:56:47'),
(2680,  13, 1,  '2017-08-12 13:56:48'),
(2681,  17, 1,  '2017-08-12 13:57:53'),
(2683,  13, 1,  '2017-08-12 13:57:53'),
(2684,  17, 1,  '2017-08-12 14:00:33'),
(2686,  13, 1,  '2017-08-12 14:00:34'),
(2687,  17, 1,  '2017-08-12 14:00:47'),
(2689,  13, 1,  '2017-08-12 14:00:47'),
(2690,  17, 1,  '2017-08-12 14:01:35'),
(2692,  13, 1,  '2017-08-12 14:01:35'),
(2693,  17, 1,  '2017-08-12 14:02:02'),
(2695,  13, 1,  '2017-08-12 14:02:02'),
(2696,  17, 1,  '2017-08-12 14:05:45'),
(2698,  13, 1,  '2017-08-12 14:05:45'),
(2699,  17, 1,  '2017-08-12 14:09:30'),
(2701,  13, 1,  '2017-08-12 14:09:31'),
(2702,  17, 1,  '2017-08-12 14:09:44'),
(2704,  13, 1,  '2017-08-12 14:09:44'),
(2705,  17, 1,  '2017-08-12 14:09:56'),
(2707,  13, 1,  '2017-08-12 14:10:54'),
(2708,  17, 1,  '2017-08-12 14:11:31'),
(2710,  13, 1,  '2017-08-12 14:11:31'),
(2711,  17, 1,  '2017-08-12 14:11:53'),
(2713,  13, 1,  '2017-08-12 14:11:54'),
(2714,  17, 1,  '2017-08-12 14:12:03'),
(2716,  13, 1,  '2017-08-12 14:12:04'),
(2717,  17, 1,  '2017-08-12 14:12:33'),
(2719,  13, 1,  '2017-08-12 14:12:34'),
(2720,  17, 1,  '2017-08-12 14:12:53'),
(2722,  13, 1,  '2017-08-12 14:12:53'),
(2723,  17, 1,  '2017-08-12 14:13:11'),
(2725,  13, 1,  '2017-08-12 14:13:11'),
(2726,  17, 1,  '2017-08-12 14:13:50'),
(2728,  13, 1,  '2017-08-12 14:13:51'),
(2729,  17, 1,  '2017-08-12 14:13:54'),
(2731,  13, 1,  '2017-08-12 14:13:55'),
(2732,  17, 1,  '2017-08-12 14:14:11'),
(2734,  13, 1,  '2017-08-12 14:14:48'),
(2735,  17, 1,  '2017-08-12 14:16:09'),
(2737,  13, 1,  '2017-08-12 14:16:09'),
(2738,  17, 1,  '2017-08-12 14:16:25'),
(2740,  13, 1,  '2017-08-12 14:16:26'),
(2741,  17, 1,  '2017-08-12 14:17:24'),
(2743,  13, 1,  '2017-08-12 14:17:24'),
(2744,  17, 1,  '2017-08-12 14:41:38'),
(2746,  13, 1,  '2017-08-12 14:41:38'),
(2747,  17, 1,  '2017-08-12 14:41:45'),
(2749,  13, 1,  '2017-08-12 14:41:45'),
(2750,  17, 1,  '2017-08-12 14:41:48'),
(2752,  13, 1,  '2017-08-12 14:41:48'),
(2753,  17, 1,  '2017-08-12 14:44:45'),
(2755,  13, 1,  '2017-08-12 14:44:46'),
(2756,  17, 1,  '2017-08-12 14:49:56'),
(2758,  13, 1,  '2017-08-12 14:49:56'),
(2759,  17, 1,  '2017-08-12 14:50:24'),
(2761,  13, 1,  '2017-08-12 14:50:24'),
(2762,  17, 1,  '2017-08-12 14:53:31'),
(2764,  13, 1,  '2017-08-12 14:53:31'),
(2765,  17, 1,  '2017-08-12 14:53:59'),
(2767,  13, 1,  '2017-08-12 14:54:00'),
(2768,  17, 1,  '2017-08-12 14:55:35'),
(2770,  13, 1,  '2017-08-12 14:55:36'),
(2771,  17, 1,  '2017-08-12 14:55:53'),
(2773,  13, 1,  '2017-08-12 14:55:53'),
(2774,  17, 1,  '2017-08-12 14:56:05'),
(2776,  13, 1,  '2017-08-12 14:56:06'),
(2777,  17, 1,  '2017-08-12 14:56:48'),
(2779,  13, 1,  '2017-08-12 14:56:49'),
(2780,  17, 1,  '2017-08-12 14:58:25'),
(2782,  13, 1,  '2017-08-12 14:58:25'),
(2783,  17, 1,  '2017-08-12 14:59:22'),
(2785,  13, 1,  '2017-08-12 14:59:22'),
(2786,  17, 1,  '2017-08-12 14:59:48'),
(2788,  13, 1,  '2017-08-12 14:59:48'),
(2789,  17, 1,  '2017-08-12 14:59:56'),
(2791,  13, 1,  '2017-08-12 14:59:56'),
(2792,  17, 1,  '2017-08-12 15:00:42'),
(2794,  13, 1,  '2017-08-12 15:00:42'),
(2795,  17, 1,  '2017-08-12 15:00:56'),
(2797,  13, 1,  '2017-08-12 15:00:56'),
(2798,  17, 1,  '2017-08-12 23:27:25'),
(2800,  13, 1,  '2017-08-12 23:27:25'),
(2801,  17, 1,  '2017-08-13 20:01:13'),
(2803,  13, 1,  '2017-08-13 20:01:14'),
(2804,  17, 1,  '2017-08-14 11:02:26'),
(2806,  13, 1,  '2017-08-14 11:02:26'),
(2807,  17, 1,  '2017-08-14 11:02:37'),
(2809,  13, 1,  '2017-08-14 11:02:37'),
(2810,  17, 1,  '2017-08-14 11:02:59'),
(2812,  13, 1,  '2017-08-14 11:02:59'),
(2813,  17, 1,  '2017-08-14 11:03:12'),
(2815,  13, 1,  '2017-08-14 11:03:12'),
(2816,  17, 1,  '2017-08-14 11:03:38'),
(2818,  13, 1,  '2017-08-14 11:03:38'),
(2819,  17, 1,  '2017-08-14 11:04:12'),
(2821,  13, 1,  '2017-08-14 11:04:12'),
(2822,  17, 1,  '2017-08-14 11:04:55'),
(2824,  13, 1,  '2017-08-14 11:04:55'),
(2825,  17, 1,  '2017-08-14 11:05:01'),
(2827,  13, 1,  '2017-08-14 11:05:01'),
(2828,  17, 1,  '2017-08-14 11:05:16'),
(2830,  13, 1,  '2017-08-14 11:05:17'),
(2831,  17, 1,  '2017-08-14 11:06:10'),
(2833,  13, 1,  '2017-08-14 11:06:10'),
(2834,  17, 1,  '2017-08-14 11:06:32'),
(2836,  13, 1,  '2017-08-14 11:06:32'),
(2837,  17, 1,  '2017-08-14 11:06:50'),
(2839,  13, 1,  '2017-08-14 11:06:50'),
(2840,  17, 1,  '2017-08-14 11:07:34'),
(2842,  13, 1,  '2017-08-14 11:07:34'),
(2843,  17, 1,  '2017-08-14 11:08:13'),
(2845,  13, 1,  '2017-08-14 11:08:13'),
(2846,  17, 1,  '2017-08-14 11:08:32'),
(2848,  13, 1,  '2017-08-14 11:08:32'),
(2849,  17, 1,  '2017-08-14 11:08:54'),
(2851,  13, 1,  '2017-08-14 11:08:55'),
(2852,  17, 1,  '2017-08-14 11:09:07'),
(2854,  13, 1,  '2017-08-14 11:09:07'),
(2855,  17, 1,  '2017-08-14 11:09:26'),
(2857,  13, 1,  '2017-08-14 11:09:27'),
(2858,  17, 1,  '2017-08-14 11:09:43'),
(2860,  13, 1,  '2017-08-14 11:09:43'),
(2861,  17, 1,  '2017-08-14 11:10:17'),
(2863,  13, 1,  '2017-08-14 11:10:17'),
(2864,  17, 1,  '2017-08-14 11:15:14'),
(2866,  13, 1,  '2017-08-14 11:16:12'),
(2867,  17, 1,  '2017-08-14 11:16:27'),
(2869,  13, 1,  '2017-08-14 11:16:27'),
(2870,  17, 1,  '2017-08-14 11:16:41'),
(2872,  13, 1,  '2017-08-14 11:16:41'),
(2873,  17, 1,  '2017-08-14 13:12:53'),
(2875,  13, 1,  '2017-08-14 13:12:54'),
(2876,  17, 1,  '2017-08-14 13:14:39'),
(2878,  13, 1,  '2017-08-14 13:14:39'),
(2879,  17, 1,  '2017-08-14 13:16:49'),
(2881,  13, 1,  '2017-08-14 13:16:49'),
(2882,  17, 1,  '2017-08-14 13:17:07'),
(2884,  13, 1,  '2017-08-14 13:17:07'),
(2885,  17, 1,  '2017-08-14 13:19:00'),
(2887,  13, 1,  '2017-08-14 13:19:00'),
(2888,  17, 1,  '2017-08-14 13:19:21'),
(2890,  13, 1,  '2017-08-14 13:19:21'),
(2891,  17, 1,  '2017-08-14 13:19:57'),
(2893,  13, 1,  '2017-08-14 13:19:57'),
(2894,  17, 1,  '2017-08-14 13:20:19'),
(2896,  13, 1,  '2017-08-14 13:20:19'),
(2897,  17, 1,  '2017-08-14 13:20:28'),
(2899,  13, 1,  '2017-08-14 13:20:28'),
(2900,  17, 1,  '2017-08-14 19:51:12'),
(2902,  13, 1,  '2017-08-14 19:51:12'),
(2903,  17, 1,  '2017-08-14 19:56:08'),
(2905,  13, 1,  '2017-08-14 19:56:08'),
(2906,  17, 1,  '2017-08-14 19:56:30'),
(2908,  13, 1,  '2017-08-14 19:56:30'),
(2909,  17, 1,  '2017-08-14 19:57:09'),
(2911,  13, 1,  '2017-08-14 19:57:10'),
(2912,  17, 1,  '2017-08-14 19:57:29'),
(2914,  13, 1,  '2017-08-14 19:57:30'),
(2915,  17, 1,  '2017-08-14 19:58:01'),
(2917,  13, 1,  '2017-08-14 19:58:01'),
(2918,  17, 1,  '2017-08-14 19:58:31'),
(2920,  13, 1,  '2017-08-14 19:58:31'),
(2921,  17, 1,  '2017-08-14 19:58:48'),
(2923,  13, 1,  '2017-08-14 19:58:48'),
(2924,  17, 1,  '2017-08-14 19:59:11'),
(2926,  13, 1,  '2017-08-14 19:59:11'),
(2927,  17, 1,  '2017-08-14 19:59:35'),
(2929,  13, 1,  '2017-08-14 19:59:36'),
(2930,  17, 1,  '2017-08-14 20:00:19'),
(2932,  13, 1,  '2017-08-14 20:00:19'),
(2933,  17, 1,  '2017-08-14 20:00:37'),
(2935,  13, 1,  '2017-08-14 20:00:38'),
(2936,  17, 1,  '2017-08-14 20:00:53'),
(2938,  13, 1,  '2017-08-14 20:00:54'),
(2939,  17, 1,  '2017-08-14 20:00:58'),
(2941,  13, 1,  '2017-08-14 20:00:58'),
(2942,  17, 1,  '2017-08-14 20:01:36'),
(2944,  13, 1,  '2017-08-14 20:01:37'),
(2945,  17, 1,  '2017-08-14 20:02:26'),
(2947,  13, 1,  '2017-08-14 20:02:27'),
(2948,  17, 1,  '2017-08-14 20:02:43'),
(2950,  13, 1,  '2017-08-14 20:02:43'),
(2951,  17, 1,  '2017-08-14 20:02:59'),
(2953,  13, 1,  '2017-08-14 20:02:59'),
(2954,  17, 1,  '2017-08-14 20:03:08'),
(2956,  13, 1,  '2017-08-14 20:03:08'),
(2957,  17, 1,  '2017-08-14 20:03:30'),
(2959,  13, 1,  '2017-08-14 20:03:31'),
(2960,  17, 1,  '2017-08-14 20:03:41'),
(2962,  13, 1,  '2017-08-14 20:03:41'),
(2963,  17, 1,  '2017-08-14 20:04:17'),
(2965,  13, 1,  '2017-08-14 20:04:18'),
(2966,  17, 1,  '2017-08-14 20:04:52'),
(2968,  13, 1,  '2017-08-14 20:04:52'),
(2969,  17, 1,  '2017-08-14 20:05:02'),
(2971,  13, 1,  '2017-08-14 20:05:03'),
(2972,  17, 1,  '2017-08-14 20:05:10'),
(2974,  13, 1,  '2017-08-14 20:05:10'),
(2975,  17, 1,  '2017-08-14 20:05:40'),
(2977,  13, 1,  '2017-08-14 20:05:44'),
(2978,  17, 1,  '2017-08-14 20:05:48'),
(2980,  13, 1,  '2017-08-14 20:14:08'),
(2981,  17, 1,  '2017-08-14 20:16:12'),
(2982,  17, 1,  '2017-08-14 22:47:01'),
(2984,  13, 1,  '2017-08-14 22:47:01'),
(2985,  17, 1,  '2017-08-14 22:47:02'),
(2987,  13, 1,  '2017-08-14 22:47:02'),
(2988,  17, 1,  '2017-08-14 22:47:07'),
(2989,  6,  1,  '2017-08-14 23:05:59'),
(2990,  18, 1,  '2017-08-14 23:05:59'),
(2991,  17, 1,  '2017-08-15 12:24:46'),
(2993,  13, 1,  '2017-08-15 12:24:47'),
(2994,  17, 1,  '2017-08-15 12:24:50'),
(2996,  13, 1,  '2017-08-15 12:36:53'),
(2997,  17, 1,  '2017-08-15 12:39:09'),
(2998,  17, 1,  '2017-08-15 20:21:51'),
(3000,  13, 1,  '2017-08-15 20:21:52'),
(3001,  17, 1,  '2017-08-15 20:40:31'),
(3003,  13, 1,  '2017-08-15 20:40:31'),
(3004,  17, 1,  '2017-08-15 20:40:43'),
(3006,  13, 1,  '2017-08-15 20:40:43'),
(3007,  17, 1,  '2017-08-15 20:41:09'),
(3009,  13, 1,  '2017-08-15 20:41:09'),
(3010,  17, 1,  '2017-08-15 20:41:16'),
(3012,  13, 1,  '2017-08-15 20:41:16'),
(3013,  17, 1,  '2017-08-15 20:41:37'),
(3015,  13, 1,  '2017-08-15 20:41:37'),
(3016,  17, 1,  '2017-08-15 20:41:56'),
(3018,  13, 1,  '2017-08-15 20:41:56'),
(3019,  17, 1,  '2017-08-15 20:43:29'),
(3021,  13, 1,  '2017-08-15 20:43:29'),
(3022,  17, 1,  '2017-08-15 20:44:02'),
(3024,  13, 1,  '2017-08-15 20:44:02'),
(3025,  17, 1,  '2017-08-15 20:44:30'),
(3027,  13, 1,  '2017-08-15 20:44:30'),
(3028,  17, 1,  '2017-08-15 20:44:41'),
(3030,  13, 1,  '2017-08-15 20:44:42'),
(3031,  17, 1,  '2017-08-15 20:46:32'),
(3033,  13, 1,  '2017-08-15 20:46:32'),
(3034,  17, 1,  '2017-08-15 20:46:37'),
(3036,  13, 1,  '2017-08-15 20:46:38'),
(3037,  17, 1,  '2017-08-15 20:46:44'),
(3039,  13, 1,  '2017-08-15 20:46:44'),
(3040,  17, 1,  '2017-08-15 20:47:04'),
(3042,  13, 1,  '2017-08-15 20:47:04'),
(3043,  17, 1,  '2017-08-15 20:47:41'),
(3045,  13, 1,  '2017-08-15 20:47:41'),
(3046,  17, 1,  '2017-08-15 20:48:10'),
(3048,  13, 1,  '2017-08-15 20:48:11'),
(3049,  17, 1,  '2017-08-15 20:48:48'),
(3051,  13, 1,  '2017-08-15 20:48:48'),
(3052,  17, 1,  '2017-08-15 20:50:49'),
(3053,  51, 1,  '2017-08-15 20:52:40'),
(3054,  17, 1,  '2017-08-15 23:13:58'),
(3056,  13, 1,  '2017-08-15 23:13:58'),
(3057,  42, 1,  '2017-08-15 23:14:38'),
(3058,  17, 1,  '2017-08-15 23:15:37'),
(3060,  13, 1,  '2017-08-15 23:15:37'),
(3061,  17, 1,  '2017-08-15 23:15:39'),
(3063,  13, 1,  '2017-08-15 23:16:17'),
(3064,  17, 1,  '2017-08-15 23:18:22'),
(3066,  13, 1,  '2017-08-15 23:18:22'),
(3067,  17, 1,  '2017-08-15 23:19:14'),
(3069,  13, 1,  '2017-08-15 23:19:15'),
(3070,  17, 1,  '2017-08-15 23:25:23'),
(3072,  13, 1,  '2017-08-15 23:27:31'),
(3073,  17, 1,  '2017-08-15 23:27:57'),
(3075,  13, 1,  '2017-08-15 23:27:57'),
(3076,  17, 1,  '2017-08-15 23:28:24'),
(3078,  13, 1,  '2017-08-15 23:28:24'),
(3079,  17, 1,  '2017-08-15 23:29:54'),
(3081,  13, 1,  '2017-08-15 23:29:54'),
(3082,  17, 1,  '2017-08-15 23:30:28'),
(3084,  13, 1,  '2017-08-15 23:30:28'),
(3085,  17, 1,  '2017-08-15 23:31:11'),
(3087,  13, 1,  '2017-08-15 23:31:11'),
(3088,  17, 1,  '2017-08-15 23:33:05'),
(3090,  13, 1,  '2017-08-15 23:33:05'),
(3091,  17, 1,  '2017-08-15 23:33:25'),
(3093,  13, 1,  '2017-08-15 23:34:52'),
(3094,  17, 1,  '2017-08-15 23:34:55'),
(3096,  13, 1,  '2017-08-15 23:48:58'),
(3097,  45, 1,  '2017-08-15 23:52:26'),
(3098,  63, 1,  '2017-08-16 00:06:45'),
(3099,  46, 1,  '2017-08-16 00:08:21'),
(3100,  64, 1,  '2017-08-16 00:22:01'),
(3101,  63, 1,  '2017-08-16 03:37:27'),
(3102,  63, 1,  '2017-08-16 04:00:20'),
(3103,  64, 1,  '2017-08-16 04:00:32'),
(3104,  46, 1,  '2017-08-16 04:00:38'),
(3106,  17, 1,  '2017-08-17 00:31:26'),
(3107,  17, 1,  '2017-08-18 01:45:48'),
(3109,  13, 1,  '2017-08-18 01:45:49'),
(3110,  17, 1,  '2017-08-18 01:46:02'),
(3112,  13, 1,  '2017-08-18 01:46:02'),
(3113,  17, 1,  '2017-08-18 01:46:07'),
(3115,  13, 1,  '2017-08-18 01:46:07'),
(3116,  17, 1,  '2017-08-18 01:47:00'),
(3118,  13, 1,  '2017-08-18 01:47:00'),
(3120,  17, 1,  '2017-08-23 19:48:44'),
(3121,  17, 3,  '2017-08-24 14:09:50'),
(3123,  13, 3,  '2017-08-24 14:09:50'),
(3124,  17, 3,  '2017-08-24 14:09:56'),
(3125,  46, 1,  '2017-08-24 18:23:27'),
(3126,  64, 1,  '2017-08-24 18:23:35'),
(3127,  35, 1,  '2017-08-25 15:00:30'),
(3128,  6,  1,  '2017-08-26 01:22:13'),
(3129,  18, 1,  '2017-08-26 01:22:13'),
(3130,  6,  1,  '2017-08-26 01:22:14'),
(3132,  17, 1,  '2017-08-26 01:36:41'),
(3134,  8,  1,  '2017-08-26 01:59:53'),
(3135,  8,  1,  '2017-08-26 02:00:21'),
(3136,  17, 1,  '2017-08-28 12:59:41'),
(3137,  17, 1,  '2017-08-28 13:02:44'),
(3138,  17, 1,  '2017-08-28 13:03:01'),
(3140,  13, 1,  '2017-08-28 13:06:53'),
(3141,  17, 1,  '2017-08-28 13:07:52'),
(3143,  13, 1,  '2017-08-28 13:07:52'),
(3144,  17, 1,  '2017-08-28 13:07:58'),
(3146,  13, 1,  '2017-08-28 13:07:58'),
(3147,  17, 1,  '2017-08-28 13:41:42'),
(3149,  17, 1,  '2017-08-28 21:31:59'),
(3151,  17, 1,  '2017-08-28 21:32:10'),
(3153,  17, 1,  '2017-08-28 21:32:17'),
(3155,  17, 1,  '2017-08-28 21:32:25'),
(3157,  13, 1,  '2017-08-28 21:35:55'),
(3158,  17, 1,  '2017-08-28 21:36:19'),
(3160,  13, 1,  '2017-08-28 21:36:20'),
(3161,  17, 1,  '2017-08-28 21:37:24'),
(3163,  13, 1,  '2017-08-28 21:37:25'),
(3164,  17, 1,  '2017-08-28 21:37:30'),
(3166,  13, 1,  '2017-08-28 21:37:30'),
(3167,  17, 1,  '2017-08-28 21:37:35'),
(3169,  13, 1,  '2017-08-28 21:37:35'),
(3170,  17, 1,  '2017-08-28 21:37:39'),
(3172,  13, 1,  '2017-08-28 21:37:40'),
(3174,  17, 1,  '2017-08-28 21:38:16'),
(3176,  17, 1,  '2017-08-28 21:38:28'),
(3178,  17, 1,  '2017-08-28 21:39:52'),
(3180,  17, 1,  '2017-08-28 21:40:58'),
(3182,  17, 1,  '2017-08-28 21:41:12'),
(3184,  17, 1,  '2017-08-28 21:41:24'),
(3185,  17, 0,  '2017-08-29 23:41:56'),
(3187,  13, 0,  '2017-08-29 23:41:56'),
(3188,  17, 1,  '2017-08-30 14:38:45'),
(3190,  13, 1,  '2017-08-30 14:38:45'),
(3191,  17, 1,  '2017-08-30 14:39:16'),
(3193,  13, 1,  '2017-08-30 14:39:16'),
(3194,  17, 1,  '2017-08-30 14:39:42'),
(3196,  13, 1,  '2017-08-30 14:39:43'),
(3197,  6,  1,  '2017-08-30 14:42:41'),
(3198,  18, 1,  '2017-08-30 14:42:41'),
(3199,  17, 1,  '2017-08-30 14:43:35'),
(3201,  13, 1,  '2017-08-30 14:43:35'),
(3202,  17, 1,  '2017-08-30 14:44:39'),
(3204,  13, 1,  '2017-08-30 14:44:39'),
(3205,  17, 1,  '2017-08-30 14:44:44'),
(3207,  13, 1,  '2017-08-30 14:49:39'),
(3208,  17, 1,  '2017-08-30 14:49:55'),
(3210,  13, 1,  '2017-08-30 14:49:55'),
(3211,  17, 1,  '2017-08-30 14:50:00'),
(3213,  13, 1,  '2017-08-30 14:50:01'),
(3214,  17, 1,  '2017-08-30 14:50:05'),
(3216,  13, 1,  '2017-08-30 14:50:06'),
(3218,  17, 1,  '2017-08-30 14:55:32'),
(3220,  17, 1,  '2017-08-30 14:55:49'),
(3222,  17, 1,  '2017-08-30 14:56:16'),
(3224,  17, 1,  '2017-08-30 14:56:28'),
(3226,  17, 1,  '2017-08-30 14:56:33'),
(3228,  17, 1,  '2017-08-30 14:56:38'),
(3230,  17, 1,  '2017-08-30 14:56:50'),
(3232,  17, 1,  '2017-08-30 14:57:02'),
(3234,  17, 1,  '2017-08-30 14:57:09'),
(3236,  17, 1,  '2017-08-30 14:57:15'),
(3238,  17, 1,  '2017-08-30 14:59:14'),
(3240,  17, 1,  '2017-08-30 14:59:50'),
(3242,  17, 1,  '2017-08-30 14:59:59'),
(3244,  17, 1,  '2017-08-30 15:01:39'),
(3246,  17, 1,  '2017-08-30 15:03:24'),
(3248,  13, 1,  '2017-08-30 15:05:56'),
(3249,  17, 1,  '2017-08-30 15:06:33'),
(3251,  13, 1,  '2017-08-30 15:06:33'),
(3252,  17, 1,  '2017-08-30 15:06:59'),
(3254,  13, 1,  '2017-08-30 15:06:59'),
(3255,  17, 1,  '2017-08-30 15:07:22'),
(3257,  13, 1,  '2017-08-30 15:07:22'),
(3258,  17, 1,  '2017-08-30 15:07:36'),
(3260,  13, 1,  '2017-08-30 15:07:37'),
(3261,  17, 1,  '2017-08-30 15:07:48'),
(3263,  13, 1,  '2017-08-30 15:07:48'),
(3264,  17, 1,  '2017-08-30 15:07:54'),
(3266,  13, 1,  '2017-08-30 15:07:54'),
(3267,  17, 1,  '2017-08-30 15:08:06'),
(3269,  13, 1,  '2017-08-30 15:08:06'),
(3270,  17, 1,  '2017-08-30 15:08:26'),
(3272,  13, 1,  '2017-08-30 15:08:26'),
(3273,  17, 1,  '2017-08-30 15:09:34'),
(3275,  13, 1,  '2017-08-30 15:09:34'),
(3276,  17, 1,  '2017-08-30 15:09:43'),
(3278,  13, 1,  '2017-08-30 15:09:44'),
(3279,  17, 1,  '2017-08-30 15:09:44'),
(3281,  13, 1,  '2017-08-30 15:09:47'),
(3282,  17, 1,  '2017-08-30 15:10:09'),
(3284,  13, 1,  '2017-08-30 15:10:09'),
(3285,  17, 1,  '2017-08-30 15:10:15'),
(3287,  13, 1,  '2017-08-30 15:10:16'),
(3288,  17, 1,  '2017-08-30 15:10:20'),
(3290,  13, 1,  '2017-08-30 15:10:28'),
(3291,  17, 1,  '2017-08-30 15:10:54'),
(3293,  13, 1,  '2017-08-30 15:10:54'),
(3294,  17, 1,  '2017-08-30 15:12:27'),
(3296,  13, 1,  '2017-08-30 15:12:27'),
(3297,  17, 1,  '2017-08-30 15:13:03'),
(3299,  13, 1,  '2017-08-30 15:13:03'),
(3300,  17, 1,  '2017-08-30 15:13:30'),
(3302,  13, 1,  '2017-08-30 15:13:30'),
(3303,  17, 1,  '2017-08-30 15:13:37'),
(3305,  13, 1,  '2017-08-30 15:13:37'),
(3306,  17, 1,  '2017-08-30 15:13:43'),
(3308,  13, 1,  '2017-08-30 15:13:43'),
(3309,  17, 1,  '2017-08-30 15:13:51'),
(3311,  13, 1,  '2017-08-30 15:13:51'),
(3312,  17, 1,  '2017-08-30 15:14:08'),
(3314,  13, 1,  '2017-08-30 15:14:08'),
(3315,  17, 1,  '2017-08-30 15:14:14'),
(3317,  13, 1,  '2017-08-30 15:14:14'),
(3318,  17, 1,  '2017-08-30 15:14:22'),
(3320,  13, 1,  '2017-08-30 15:14:22'),
(3321,  17, 1,  '2017-08-30 15:14:28'),
(3323,  13, 1,  '2017-08-30 15:14:28'),
(3324,  17, 1,  '2017-08-30 15:14:35'),
(3326,  13, 1,  '2017-08-30 15:14:35'),
(3327,  9,  1,  '2017-08-30 15:15:52'),
(3328,  10, 1,  '2017-08-30 15:15:52'),
(3329,  19, 1,  '2017-08-30 15:15:52'),
(3330,  9,  1,  '2017-08-30 15:16:05'),
(3331,  10, 1,  '2017-08-30 15:16:05'),
(3332,  19, 1,  '2017-08-30 15:16:05'),
(3333,  9,  1,  '2017-08-30 15:16:25'),
(3334,  10, 1,  '2017-08-30 15:16:25'),
(3335,  19, 1,  '2017-08-30 15:16:25'),
(3336,  9,  1,  '2017-08-30 15:17:12'),
(3337,  10, 1,  '2017-08-30 15:17:12'),
(3338,  19, 1,  '2017-08-30 15:17:12'),
(3339,  9,  1,  '2017-08-30 15:17:34'),
(3340,  10, 1,  '2017-08-30 15:17:34'),
(3341,  19, 1,  '2017-08-30 15:17:34'),
(3342,  17, 1,  '2017-08-30 15:17:44'),
(3344,  13, 1,  '2017-08-30 15:17:44'),
(3345,  17, 1,  '2017-08-30 15:18:48'),
(3347,  13, 1,  '2017-08-30 15:18:48'),
(3348,  17, 1,  '2017-08-30 15:19:19'),
(3350,  13, 1,  '2017-08-30 15:19:19'),
(3351,  17, 1,  '2017-08-30 15:19:57'),
(3353,  13, 1,  '2017-08-30 15:19:57'),
(3354,  17, 1,  '2017-08-30 15:20:18'),
(3356,  13, 1,  '2017-08-30 15:20:18'),
(3357,  17, 1,  '2017-08-30 15:23:33'),
(3359,  13, 1,  '2017-08-30 15:23:33'),
(3360,  17, 1,  '2017-08-30 15:24:32'),
(3362,  13, 1,  '2017-08-30 15:24:32'),
(3363,  17, 1,  '2017-08-30 15:24:42'),
(3365,  13, 1,  '2017-08-30 15:24:43'),
(3366,  17, 1,  '2017-08-30 15:24:48'),
(3368,  13, 1,  '2017-08-30 15:24:48'),
(3369,  17, 1,  '2017-08-30 15:24:53'),
(3371,  13, 1,  '2017-08-30 15:24:53'),
(3372,  17, 1,  '2017-08-30 15:25:00'),
(3374,  13, 1,  '2017-08-30 15:25:00'),
(3375,  17, 1,  '2017-08-30 15:25:09'),
(3377,  13, 1,  '2017-08-30 15:25:10'),
(3378,  17, 1,  '2017-08-30 15:25:24'),
(3380,  13, 1,  '2017-08-30 15:25:24'),
(3381,  17, 1,  '2017-08-30 15:25:40'),
(3383,  13, 1,  '2017-08-30 15:25:40'),
(3384,  17, 1,  '2017-08-30 15:26:06'),
(3386,  13, 1,  '2017-08-30 15:26:06'),
(3387,  17, 1,  '2017-08-30 15:26:14'),
(3389,  13, 1,  '2017-08-30 15:26:14'),
(3390,  17, 1,  '2017-08-30 15:26:19'),
(3392,  13, 1,  '2017-08-30 15:26:19'),
(3393,  17, 1,  '2017-08-30 15:26:34'),
(3395,  13, 1,  '2017-08-30 15:26:35'),
(3396,  17, 1,  '2017-08-30 15:26:35'),
(3398,  13, 1,  '2017-08-30 15:26:35'),
(3399,  17, 1,  '2017-08-30 15:26:55'),
(3401,  13, 1,  '2017-08-30 15:26:55'),
(3402,  17, 1,  '2017-08-30 15:27:07'),
(3404,  13, 1,  '2017-08-30 15:27:07'),
(3405,  17, 1,  '2017-08-30 15:27:15'),
(3407,  13, 1,  '2017-08-30 15:27:15'),
(3408,  17, 1,  '2017-08-30 15:27:19'),
(3410,  13, 1,  '2017-08-30 15:27:19'),
(3411,  17, 1,  '2017-08-30 15:27:33'),
(3413,  13, 1,  '2017-08-30 15:27:33'),
(3414,  17, 1,  '2017-08-30 15:27:39'),
(3416,  13, 1,  '2017-08-30 15:27:40'),
(3417,  17, 1,  '2017-08-30 15:28:20'),
(3419,  13, 1,  '2017-08-30 15:28:20'),
(3420,  17, 1,  '2017-08-30 15:28:36'),
(3422,  13, 1,  '2017-08-30 15:28:37'),
(3423,  17, 1,  '2017-08-30 15:28:41'),
(3425,  13, 1,  '2017-08-30 15:28:42'),
(3426,  17, 1,  '2017-08-30 15:28:49'),
(3428,  13, 1,  '2017-08-30 15:28:50'),
(3430,  17, 1,  '2017-08-30 15:36:26'),
(3432,  17, 1,  '2017-08-30 15:36:40'),
(3434,  17, 1,  '2017-08-30 15:36:52'),
(3436,  17, 1,  '2017-08-30 15:37:01'),
(3438,  17, 1,  '2017-08-30 15:37:26'),
(3440,  17, 1,  '2017-08-30 15:38:12'),
(3442,  17, 1,  '2017-08-30 15:38:35'),
(3444,  17, 1,  '2017-08-30 15:38:52'),
(3446,  17, 1,  '2017-08-30 15:39:17'),
(3448,  17, 1,  '2017-08-30 15:39:31'),
(3450,  17, 1,  '2017-08-30 15:39:52'),
(3452,  17, 1,  '2017-08-30 15:40:01'),
(3454,  17, 1,  '2017-08-30 15:40:11'),
(3456,  17, 1,  '2017-08-30 15:40:20'),
(3458,  17, 1,  '2017-08-30 15:40:30'),
(3460,  17, 1,  '2017-08-30 15:40:37'),
(3462,  17, 1,  '2017-08-30 15:40:41'),
(3464,  17, 1,  '2017-08-30 15:40:46'),
(3466,  17, 1,  '2017-08-30 15:40:54'),
(3468,  17, 1,  '2017-08-30 15:41:04'),
(3470,  17, 1,  '2017-08-30 15:41:13'),
(3472,  17, 1,  '2017-08-30 15:41:26'),
(3474,  17, 1,  '2017-08-30 15:41:36'),
(3476,  17, 1,  '2017-08-30 15:42:18'),
(3478,  17, 1,  '2017-08-30 15:42:45'),
(3480,  17, 1,  '2017-08-30 15:42:51'),
(3482,  17, 1,  '2017-08-30 15:42:57'),
(3484,  17, 1,  '2017-08-30 15:43:01'),
(3486,  17, 1,  '2017-08-30 15:43:16'),
(3488,  17, 1,  '2017-08-30 15:43:25'),
(3490,  17, 1,  '2017-08-30 15:43:31'),
(3491,  42, 1,  '2017-08-30 15:43:36'),
(3493,  17, 1,  '2017-08-30 15:43:41'),
(3495,  17, 1,  '2017-08-30 15:43:44'),
(3497,  17, 1,  '2017-08-30 15:43:50'),
(3499,  17, 1,  '2017-08-30 15:43:56'),
(3501,  17, 1,  '2017-08-30 15:44:03'),
(3503,  17, 1,  '2017-08-30 15:44:13'),
(3505,  17, 1,  '2017-08-30 15:44:46'),
(3507,  17, 1,  '2017-08-30 15:44:59'),
(3509,  17, 1,  '2017-08-30 15:45:40'),
(3511,  17, 1,  '2017-08-30 15:45:47'),
(3513,  17, 1,  '2017-08-30 15:45:53'),
(3514,  6,  0,  '2017-08-30 15:51:49'),
(3515,  18, 0,  '2017-08-30 15:51:49'),
(3516,  6,  0,  '2017-08-30 15:51:57'),
(3517,  18, 0,  '2017-08-30 15:51:57'),
(3518,  6,  0,  '2017-08-30 15:52:38'),
(3519,  18, 0,  '2017-08-30 15:52:38'),
(3520,  6,  0,  '2017-08-30 15:53:06'),
(3521,  18, 0,  '2017-08-30 15:53:06'),
(3522,  6,  0,  '2017-08-30 15:53:41'),
(3523,  18, 0,  '2017-08-30 15:53:41'),
(3525,  17, 1,  '2017-08-30 15:54:43'),
(3526,  6,  1,  '2017-08-30 15:55:48'),
(3527,  18, 1,  '2017-08-30 15:55:48'),
(3529,  17, 1,  '2017-08-30 16:21:16'),
(3531,  17, 1,  '2017-08-30 16:22:06'),
(3533,  17, 1,  '2017-08-30 16:22:50'),
(3536,  17, 1,  '2017-08-30 22:07:37'),
(3537,  17, 1,  '2017-08-31 13:12:09'),
(3539,  13, 1,  '2017-08-31 13:12:09'),
(3540,  17, 1,  '2017-09-01 00:19:06'),
(3542,  13, 1,  '2017-09-01 00:19:06'),
(3543,  17, 1,  '2017-09-01 00:19:47'),
(3545,  13, 1,  '2017-09-01 00:19:47'),
(3547,  17, 1,  '2017-09-03 23:44:32'),
(3549,  17, 1,  '2017-09-03 23:45:05'),
(3551,  17, 1,  '2017-09-03 23:45:59'),
(3553,  17, 1,  '2017-09-03 23:47:02'),
(3555,  17, 1,  '2017-09-03 23:50:26'),
(3557,  17, 1,  '2017-09-03 23:50:42'),
(3559,  17, 1,  '2017-09-03 23:50:51'),
(3561,  17, 1,  '2017-09-03 23:51:05'),
(3563,  17, 1,  '2017-09-03 23:52:36'),
(3564,  17, 1,  '2017-09-14 23:32:47'),
(3565,  13, 1,  '2017-09-14 23:32:47'),
(3566,  17, 1,  '2017-09-14 23:32:58'),
(3567,  13, 1,  '2017-09-14 23:32:58'),
(3568,  17, 1,  '2017-09-14 23:33:14'),
(3569,  13, 1,  '2017-09-14 23:33:23'),
(3570,  17, 1,  '2017-09-15 09:45:57'),
(3571,  17, 1,  '2017-09-15 23:59:03'),
(3572,  13, 1,  '2017-09-15 23:59:03'),
(3573,  1,  1,  '2017-09-16 00:00:01'),
(3574,  2,  1,  '2017-09-16 00:00:02'),
(3575,  1,  1,  '2017-09-16 00:00:35'),
(3576,  2,  1,  '2017-09-16 00:00:36'),
(3577,  1,  1,  '2017-09-16 00:00:44'),
(3578,  2,  1,  '2017-09-16 00:00:45'),
(3579,  1,  1,  '2017-09-16 00:00:58'),
(3580,  2,  1,  '2017-09-16 00:00:58'),
(3581,  1,  1,  '2017-09-16 00:01:31'),
(3582,  2,  1,  '2017-09-16 00:01:31'),
(3583,  17, 1,  '2017-09-16 00:01:49'),
(3584,  13, 1,  '2017-09-16 00:01:49'),
(3585,  17, 1,  '2017-09-16 00:01:51'),
(3586,  13, 1,  '2017-09-16 00:06:32'),
(3587,  17, 1,  '2017-09-16 00:06:36'),
(3588,  13, 1,  '2017-09-16 00:06:37'),
(3589,  17, 1,  '2017-09-16 17:08:49'),
(3590,  13, 1,  '2017-09-16 17:08:49'),
(3591,  17, 1,  '2017-09-16 17:09:06'),
(3592,  13, 1,  '2017-09-16 17:09:08'),
(3593,  17, 1,  '2017-09-16 17:09:43'),
(3594,  13, 1,  '2017-09-16 17:09:43'),
(3595,  17, 1,  '2017-09-16 17:10:09'),
(3596,  13, 1,  '2017-09-16 17:10:09'),
(3597,  42, 1,  '2017-09-16 17:10:16'),
(3598,  17, 1,  '2017-09-16 17:30:32'),
(3599,  13, 1,  '2017-09-16 17:30:32'),
(3600,  17, 1,  '2017-09-16 17:30:46'),
(3601,  13, 1,  '2017-09-16 17:30:46'),
(3602,  17, 1,  '2017-09-16 17:31:32'),
(3603,  13, 1,  '2017-09-16 17:31:32'),
(3604,  42, 1,  '2017-09-16 17:32:43'),
(3605,  17, 1,  '2017-09-16 17:39:58'),
(3606,  13, 1,  '2017-09-16 17:39:59'),
(3607,  17, 1,  '2017-09-16 17:40:35'),
(3608,  13, 1,  '2017-09-16 17:40:35'),
(3609,  17, 1,  '2017-09-16 17:41:20'),
(3610,  13, 1,  '2017-09-16 17:41:21'),
(3611,  17, 1,  '2017-09-16 17:42:01'),
(3612,  13, 1,  '2017-09-16 17:42:01'),
(3613,  42, 1,  '2017-09-16 17:42:15'),
(3614,  42, 0,  '2017-09-16 23:11:31'),
(3615,  17, 0,  '2017-09-16 23:32:51'),
(3616,  13, 0,  '2017-09-16 23:32:51'),
(3617,  17, 0,  '2017-09-16 23:33:04'),
(3618,  13, 0,  '2017-09-16 23:33:04'),
(3619,  17, 0,  '2017-09-16 23:33:12'),
(3620,  13, 0,  '2017-09-16 23:33:12'),
(3621,  17, 0,  '2017-09-16 23:33:40'),
(3622,  13, 0,  '2017-09-16 23:33:40'),
(3623,  17, 0,  '2017-09-16 23:34:32'),
(3624,  13, 0,  '2017-09-16 23:34:32'),
(3625,  17, 0,  '2017-09-16 23:34:46'),
(3626,  13, 0,  '2017-09-16 23:34:46'),
(3627,  17, 0,  '2017-09-16 23:35:15'),
(3628,  13, 0,  '2017-09-16 23:35:16'),
(3629,  17, 0,  '2017-09-16 23:36:34'),
(3630,  13, 0,  '2017-09-16 23:36:34'),
(3631,  6,  1,  '2017-09-16 23:36:45'),
(3632,  18, 1,  '2017-09-16 23:36:45'),
(3633,  6,  1,  '2017-09-16 23:37:02'),
(3634,  18, 1,  '2017-09-16 23:37:02'),
(3635,  6,  1,  '2017-09-16 23:38:45'),
(3636,  18, 1,  '2017-09-16 23:38:46'),
(3637,  6,  1,  '2017-09-16 23:38:53'),
(3638,  18, 1,  '2017-09-16 23:38:53'),
(3639,  6,  1,  '2017-09-16 23:38:56'),
(3640,  18, 1,  '2017-09-16 23:38:56'),
(3641,  6,  1,  '2017-09-16 23:39:19'),
(3642,  18, 1,  '2017-09-16 23:39:19'),
(3643,  6,  1,  '2017-09-16 23:39:32'),
(3644,  18, 1,  '2017-09-16 23:39:32'),
(3645,  6,  1,  '2017-09-16 23:40:00'),
(3646,  18, 1,  '2017-09-16 23:40:01'),
(3647,  17, 1,  '2017-09-16 23:40:46'),
(3648,  13, 1,  '2017-09-16 23:40:46'),
(3649,  42, 1,  '2017-09-16 23:40:49'),
(3650,  17, 1,  '2017-09-16 23:42:02'),
(3651,  13, 1,  '2017-09-16 23:42:02'),
(3652,  17, 1,  '2017-09-16 23:42:16'),
(3653,  13, 1,  '2017-09-16 23:42:16'),
(3654,  42, 1,  '2017-09-16 23:42:27'),
(3655,  6,  1,  '2017-09-16 23:42:48'),
(3656,  18, 1,  '2017-09-16 23:42:49'),
(3657,  42, 1,  '2017-09-16 23:45:24'),
(3658,  17, 1,  '2017-09-16 23:47:26'),
(3659,  13, 1,  '2017-09-16 23:47:26'),
(3660,  42, 1,  '2017-09-16 23:47:30'),
(3661,  65, 1,  '2017-09-17 00:07:47'),
(3662,  17, 1,  '2017-09-17 00:08:44'),
(3663,  13, 1,  '2017-09-17 00:08:44'),
(3664,  42, 1,  '2017-09-17 00:09:01'),
(3665,  6,  0,  '2017-09-17 11:07:23'),
(3666,  18, 0,  '2017-09-17 11:07:23'),
(3667,  6,  0,  '2017-09-17 11:07:38'),
(3668,  18, 0,  '2017-09-17 11:07:38'),
(3669,  6,  0,  '2017-09-17 11:07:52'),
(3670,  34, 0,  '2017-09-17 11:07:52'),
(3671,  17, 0,  '2017-09-17 11:07:58'),
(3672,  13, 0,  '2017-09-17 11:07:58'),
(3673,  17, 0,  '2017-09-17 11:08:06'),
(3674,  13, 0,  '2017-09-17 11:08:06'),
(3675,  17, 0,  '2017-09-17 11:12:50'),
(3676,  13, 0,  '2017-09-17 11:12:50'),
(3677,  17, 0,  '2017-09-17 11:16:04'),
(3678,  13, 0,  '2017-09-17 11:16:05'),
(3679,  17, 0,  '2017-09-17 11:16:28'),
(3680,  13, 0,  '2017-09-17 11:16:28'),
(3681,  17, 0,  '2017-09-17 11:16:40'),
(3682,  13, 0,  '2017-09-17 11:16:40'),
(3683,  17, 0,  '2017-09-17 11:17:10'),
(3684,  13, 0,  '2017-09-17 11:17:10'),
(3685,  65, 0,  '2017-09-17 11:17:19'),
(3686,  42, 0,  '2017-09-17 11:21:57'),
(3687,  6,  0,  '2017-09-17 11:22:25'),
(3688,  18, 0,  '2017-09-17 11:22:26'),
(3689,  6,  0,  '2017-09-17 11:22:58'),
(3690,  18, 0,  '2017-09-17 11:22:58'),
(3691,  6,  0,  '2017-09-17 11:23:07'),
(3692,  18, 0,  '2017-09-17 11:23:08'),
(3693,  6,  0,  '2017-09-17 11:23:17'),
(3694,  18, 0,  '2017-09-17 11:23:17'),
(3695,  6,  0,  '2017-09-17 11:23:27'),
(3696,  18, 0,  '2017-09-17 11:23:27'),
(3697,  17, 0,  '2017-09-17 11:24:17'),
(3698,  13, 0,  '2017-09-17 11:24:18'),
(3699,  17, 1,  '2017-09-17 11:24:35'),
(3700,  13, 1,  '2017-09-17 11:24:35'),
(3701,  17, 1,  '2017-09-17 11:24:43'),
(3702,  13, 1,  '2017-09-17 11:30:58'),
(3703,  17, 1,  '2017-09-17 11:31:34'),
(3704,  13, 1,  '2017-09-17 11:31:34'),
(3705,  65, 1,  '2017-09-17 11:37:28'),
(3706,  42, 1,  '2017-09-17 11:58:19'),
(3707,  42, 1,  '2017-09-17 12:00:52'),
(3708,  17, 1,  '2017-09-17 12:01:06'),
(3709,  13, 1,  '2017-09-17 12:01:06'),
(3710,  65, 0,  '2017-09-17 13:12:21'),
(3711,  17, 0,  '2017-09-17 13:13:25'),
(3712,  13, 0,  '2017-09-17 13:13:25'),
(3713,  65, 0,  '2017-09-17 13:13:31'),
(3714,  17, 0,  '2017-09-17 13:14:04'),
(3715,  13, 0,  '2017-09-17 13:14:04'),
(3716,  17, 0,  '2017-09-17 13:14:20'),
(3717,  13, 0,  '2017-09-17 13:14:20'),
(3718,  17, 0,  '2017-09-17 13:15:14'),
(3719,  13, 0,  '2017-09-17 13:15:15'),
(3720,  17, 0,  '2017-09-17 13:17:42'),
(3721,  13, 0,  '2017-09-17 13:17:42'),
(3722,  17, 1,  '2017-09-17 13:34:05'),
(3723,  13, 1,  '2017-09-17 13:34:05'),
(3724,  65, 1,  '2017-09-17 13:52:28'),
(3726,  42, 1,  '2017-09-17 13:54:27'),
(3727,  65, 1,  '2017-09-17 13:59:46'),
(3728,  65, 1,  '2017-09-17 14:01:11'),
(3729,  17, 0,  '2017-09-17 14:02:30'),
(3730,  13, 0,  '2017-09-17 14:02:30'),
(3731,  17, 0,  '2017-09-17 14:02:31'),
(3732,  13, 0,  '2017-09-17 14:02:31'),
(3733,  42, 0,  '2017-09-17 14:02:42'),
(3734,  17, 0,  '2017-09-17 15:25:45'),
(3735,  13, 0,  '2017-09-17 15:25:45'),
(3736,  17, 0,  '2017-09-17 15:27:03'),
(3737,  13, 0,  '2017-09-17 15:27:03'),
(3738,  17, 0,  '2017-09-17 15:27:09'),
(3739,  13, 0,  '2017-09-17 15:27:09'),
(3740,  16, 1,  '2017-09-17 15:38:20'),
(3741,  17, 1,  '2017-09-17 15:43:39'),
(3742,  13, 1,  '2017-09-17 15:43:39'),
(3743,  17, 1,  '2017-09-17 15:44:00'),
(3744,  13, 1,  '2017-09-17 15:44:00'),
(3745,  17, 1,  '2017-09-17 15:44:22'),
(3746,  13, 1,  '2017-09-17 15:44:22'),
(3747,  17, 1,  '2017-09-17 15:45:08'),
(3748,  13, 1,  '2017-09-17 15:45:09'),
(3749,  17, 1,  '2017-09-17 15:45:15'),
(3750,  13, 1,  '2017-09-17 15:45:16'),
(3751,  17, 1,  '2017-09-17 15:45:22'),
(3752,  13, 1,  '2017-09-17 15:45:22'),
(3753,  17, 1,  '2017-09-17 15:45:31'),
(3754,  13, 1,  '2017-09-17 15:45:31'),
(3755,  17, 1,  '2017-09-17 15:46:13'),
(3756,  13, 1,  '2017-09-17 15:46:14'),
(3757,  17, 1,  '2017-09-17 15:55:05'),
(3758,  13, 1,  '2017-09-17 15:55:06'),
(3759,  17, 1,  '2017-09-17 15:55:51'),
(3760,  13, 1,  '2017-09-17 15:55:51'),
(3761,  17, 1,  '2017-09-17 15:56:23'),
(3762,  13, 1,  '2017-09-17 15:56:24'),
(3763,  17, 1,  '2017-09-17 15:56:35'),
(3764,  65, 1,  '2017-09-17 15:57:48'),
(3765,  42, 1,  '2017-09-17 16:25:51'),
(3766,  17, 1,  '2017-09-17 20:34:45'),
(3767,  13, 1,  '2017-09-17 20:34:45'),
(3768,  17, 1,  '2017-09-17 20:35:28'),
(3769,  13, 1,  '2017-09-17 20:35:28'),
(3770,  17, 1,  '2017-09-17 20:35:50'),
(3771,  13, 1,  '2017-09-17 20:35:50'),
(3772,  17, 1,  '2017-09-17 20:36:03'),
(3773,  13, 1,  '2017-09-17 20:36:04'),
(3774,  17, 1,  '2017-09-17 20:36:15'),
(3775,  13, 1,  '2017-09-17 20:36:15'),
(3776,  17, 1,  '2017-09-17 20:36:23'),
(3777,  13, 1,  '2017-09-17 20:36:23'),
(3778,  17, 1,  '2017-09-17 20:37:01'),
(3779,  13, 1,  '2017-09-17 20:37:01'),
(3780,  17, 1,  '2017-09-17 20:37:13'),
(3781,  13, 1,  '2017-09-17 20:37:13'),
(3782,  17, 1,  '2017-09-17 20:37:25'),
(3783,  13, 1,  '2017-09-17 20:37:25'),
(3784,  17, 1,  '2017-09-17 20:37:36'),
(3785,  13, 1,  '2017-09-17 20:37:37'),
(3786,  17, 1,  '2017-09-17 20:37:50'),
(3787,  13, 1,  '2017-09-17 20:37:50'),
(3788,  17, 1,  '2017-09-17 20:38:52'),
(3789,  13, 1,  '2017-09-17 20:38:52'),
(3790,  17, 1,  '2017-09-17 20:44:07'),
(3791,  13, 1,  '2017-09-17 20:44:08'),
(3792,  17, 1,  '2017-09-17 20:44:17'),
(3793,  13, 1,  '2017-09-17 20:44:17'),
(3794,  17, 1,  '2017-09-17 20:46:48'),
(3795,  13, 1,  '2017-09-17 20:46:48'),
(3796,  17, 1,  '2017-09-17 20:46:51'),
(3797,  13, 1,  '2017-09-17 20:48:37'),
(3798,  17, 1,  '2017-09-17 20:48:42'),
(3799,  13, 1,  '2017-09-17 20:48:42'),
(3800,  17, 0,  '2017-09-17 21:11:00'),
(3801,  13, 0,  '2017-09-17 21:11:01'),
(3802,  12, 1,  '2017-09-17 21:11:13'),
(3803,  17, 1,  '2017-09-17 21:11:13'),
(3804,  13, 1,  '2017-09-17 21:11:37'),
(3805,  12, 1,  '2017-09-17 21:11:37'),
(3806,  17, 1,  '2017-09-17 21:11:37'),
(3807,  13, 1,  '2017-09-17 21:12:47'),
(3808,  12, 1,  '2017-09-17 21:12:47'),
(3809,  17, 1,  '2017-09-17 21:12:47'),
(3810,  13, 1,  '2017-09-17 22:49:40'),
(3811,  12, 1,  '2017-09-17 22:49:40'),
(3812,  17, 1,  '2017-09-17 22:49:40'),
(3813,  13, 1,  '2017-09-17 22:49:42'),
(3814,  17, 1,  '2017-09-17 22:51:11'),
(3815,  13, 1,  '2017-09-17 22:51:11'),
(3816,  17, 1,  '2017-09-17 22:51:15'),
(3817,  13, 1,  '2017-09-17 22:53:23'),
(3818,  17, 1,  '2017-09-17 22:53:25'),
(3819,  13, 1,  '2017-09-17 22:53:47'),
(3820,  1,  1,  '2017-09-17 23:02:10'),
(3821,  2,  1,  '2017-09-17 23:02:10'),
(3822,  68, 1,  '2017-09-17 23:23:58'),
(3823,  42, 0,  '2017-09-17 23:31:47'),
(3824,  68, 1,  '2017-09-17 23:37:04'),
(3825,  17, 1,  '2017-09-17 23:37:49'),
(3826,  13, 1,  '2017-09-17 23:37:49'),
(3827,  17, 1,  '2017-09-17 23:38:58'),
(3828,  13, 1,  '2017-09-17 23:38:58'),
(3829,  17, 1,  '2017-09-17 23:39:27'),
(3830,  13, 1,  '2017-09-17 23:39:27'),
(3831,  17, 1,  '2017-09-17 23:39:49'),
(3832,  13, 1,  '2017-09-17 23:39:49'),
(3833,  17, 1,  '2017-09-17 23:40:30'),
(3834,  13, 1,  '2017-09-17 23:40:30'),
(3835,  17, 1,  '2017-09-17 23:40:33'),
(3836,  17, 1,  '2017-09-18 00:05:17'),
(3837,  23, 1,  '2017-09-18 00:34:55'),
(3838,  1,  1,  '2017-09-18 00:36:43'),
(3839,  17, 1,  '2017-09-18 00:39:38'),
(3840,  1,  1,  '2017-09-18 00:39:47'),
(3841,  65, 1,  '2017-09-18 00:42:53'),
(3842,  69, 1,  '2017-09-18 00:44:35'),
(3843,  23, 1,  '2017-09-18 00:46:42');

DROP TABLE IF EXISTS `subclassifications`;
CREATE TABLE `subclassifications` (
  `id` int(11) NOT NULL AUTO_INCREMENT,
  `name` varchar(255) NOT NULL,
  `short_name` varchar(255) NOT NULL,
  `native_hidden_entry` int(11) NOT NULL,
  `native_hidden_entry_short` int(11) NOT NULL,
  PRIMARY KEY (`id`)
) ENGINE=InnoDB DEFAULT CHARSET=latin1;

INSERT INTO `subclassifications` (`id`, `name`, `short_name`, `native_hidden_entry`, `native_hidden_entry_short`) VALUES
(0, '', '', 0,  0),
(1, 'Class 1 verb', 'cl. 1',  0,  0),
(2, 'Singular', 'sg.',  0,  0),
(3, 'Plural', 'pl.',  0,  0),
(4, 'synthetical superlative',  'synthetical superlative',  0,  0),
(5, 'compund superlative',  'adj-cs.',  0,  0),
(6, 'countable',  'cnt.', 0,  0);

DROP TABLE IF EXISTS `submodes`;
CREATE TABLE `submodes` (
  `id` int(255) NOT NULL AUTO_INCREMENT,
  `name` varchar(255) NOT NULL,
  `short_name` varchar(255) NOT NULL,
  `hidden_native_entry` varchar(255) NOT NULL,
  PRIMARY KEY (`id`)
) ENGINE=InnoDB DEFAULT CHARSET=latin1;

INSERT INTO `submodes` (`id`, `name`, `short_name`, `hidden_native_entry`) VALUES
(1, 'indefinite', 'indef',  '0'),
(2, 'definite', 'def',  '0'),
(3, 'strong', 'str.', '0'),
(4, 'weak', 'wk.',  '0'),
(5, 'First person', '', 'DV'),
(6, 'Second person',  '', '0'),
(7, 'Third Person', '', '0'),
(8, 'conjugation',  'sg conj p',  ' '),
(9, 'conjugation',  'sg pn',  '0'),
(10,  'singular', 'sg.',  '0'),
(11,  'plural', 'pl', '0'),
(12,  'nom.', 'n.', '0');

DROP TABLE IF EXISTS `submode_apply`;
CREATE TABLE `submode_apply` (
  `id` int(11) NOT NULL AUTO_INCREMENT,
  `submode_id` int(11) NOT NULL,
  `mode_id` int(11) NOT NULL,
  PRIMARY KEY (`id`),
  KEY `type_id` (`mode_id`),
  KEY `submode_id` (`submode_id`),
  CONSTRAINT `submode_apply_ibfk_2` FOREIGN KEY (`submode_id`) REFERENCES `submodes` (`id`) ON DELETE CASCADE,
  CONSTRAINT `submode_apply_ibfk_3` FOREIGN KEY (`mode_id`) REFERENCES `modes` (`id`) ON DELETE CASCADE
) ENGINE=InnoDB DEFAULT CHARSET=latin1;

INSERT INTO `submode_apply` (`id`, `submode_id`, `mode_id`) VALUES
(42,  1,  1),
(43,  2,  1),
(44,  1,  23);

DROP TABLE IF EXISTS `synonyms`;
CREATE TABLE `synonyms` (
  `id` int(11) NOT NULL AUTO_INCREMENT,
  `word_id_1` int(11) NOT NULL,
  `word_id_2` int(11) NOT NULL,
  `score` int(11) NOT NULL,
  PRIMARY KEY (`id`),
  KEY `word_id_1` (`word_id_1`),
  KEY `word_id_2` (`word_id_2`),
  CONSTRAINT `synonyms_ibfk_3` FOREIGN KEY (`word_id_1`) REFERENCES `words` (`id`) ON DELETE CASCADE,
  CONSTRAINT `synonyms_ibfk_4` FOREIGN KEY (`word_id_2`) REFERENCES `words` (`id`) ON DELETE CASCADE
) ENGINE=InnoDB DEFAULT CHARSET=latin1;

INSERT INTO `synonyms` (`id`, `word_id_1`, `word_id_2`, `score`) VALUES
(11,  1,  2,  0),
(20,  13, 12, 50),
(21,  9,  10, 75),
(22,  19, 9,  50),
(25,  23, 24, 100);

DROP TABLE IF EXISTS `threads`;
CREATE TABLE `threads` (
  `id` int(11) NOT NULL AUTO_INCREMENT,
  `linked_to` int(11) NOT NULL,
  `section` varchar(255) COLLATE utf8mb4_unicode_ci NOT NULL,
  `thread_id` int(11) NOT NULL,
  `title` varchar(255) CHARACTER SET utf8 COLLATE utf8_unicode_ci NOT NULL,
  `content` text CHARACTER SET utf8 COLLATE utf8_unicode_ci NOT NULL,
  `user_id` int(11) NOT NULL,
  `post_date` datetime NOT NULL,
  `update_date` timestamp NOT NULL DEFAULT CURRENT_TIMESTAMP ON UPDATE CURRENT_TIMESTAMP,
  PRIMARY KEY (`id`),
  KEY `user_id` (`user_id`),
  CONSTRAINT `threads_ibfk_1` FOREIGN KEY (`user_id`) REFERENCES `users` (`id`) ON DELETE CASCADE
) ENGINE=InnoDB DEFAULT CHARSET=utf8mb4 COLLATE=utf8mb4_unicode_ci;

INSERT INTO `threads` (`id`, `linked_to`, `section`, `thread_id`, `title`, `content`, `user_id`, `post_date`, `update_date`) VALUES
(8, 17, 'lemma',  7,  'hjh',  'dsss', 1,  '0000-00-00 00:00:00',  '0000-00-00 00:00:00'),
(10,  30, 'lemma',  9,  'fd', 'Wat vind jij er van?', 1,  '0000-00-00 00:00:00',  '0000-00-00 00:00:00'),
(11,  30, 'lemma',  10, 'f',  'Ik weet het niet zo goed?',  1,  '0000-00-00 00:00:00',  '0000-00-00 00:00:00'),
(13,  26, 'lemma',  12, 'aaaaa',  'aaa',  1,  '2017-08-30 17:27:59',  '2017-08-30 15:27:59'),
(15,  1,  'lemma',  14, 'RE:',  'echt niet',  1,  '2017-09-17 23:03:16',  '2017-09-17 21:03:16');

DROP TABLE IF EXISTS `translations`;
CREATE TABLE `translations` (
  `id` int(11) NOT NULL AUTO_INCREMENT,
  `language_id` int(11) NOT NULL,
  `translation` varchar(255) CHARACTER SET utf8 COLLATE utf8_unicode_ci NOT NULL,
  `description` text CHARACTER SET utf8 COLLATE utf8_unicode_ci NOT NULL,
  `created_on` timestamp NOT NULL DEFAULT CURRENT_TIMESTAMP ON UPDATE CURRENT_TIMESTAMP,
  `user_id` int(11) NOT NULL,
  PRIMARY KEY (`id`),
  KEY `language_id` (`language_id`),
  KEY `user_id` (`user_id`),
  CONSTRAINT `translations_ibfk_4` FOREIGN KEY (`language_id`) REFERENCES `languages` (`id`) ON DELETE CASCADE,
  CONSTRAINT `translations_ibfk_5` FOREIGN KEY (`user_id`) REFERENCES `users` (`id`)
) ENGINE=InnoDB DEFAULT CHARSET=latin1;

INSERT INTO `translations` (`id`, `language_id`, `translation`, `description`, `created_on`, `user_id`) VALUES
(375, 1,  'bedroom',  'a place to sleep', '2017-05-25 17:06:55',  1),
(378, 1,  'place to sleep', '', '2017-05-25 18:48:31',  1),
(379, 1,  'drool',  '', '2017-05-25 20:01:27',  1),
(386, 1,  'cat',  '', '2017-05-25 20:33:29',  1),
(388, 1,  'dog',  '', '2017-05-25 20:38:01',  1),
(389, 1,  'hound',  '', '2017-05-25 20:38:01',  1),
(392, 1,  'land', '', '2017-05-25 20:40:56',  1),
(393, 1,  'country',  '', '2017-05-25 20:40:56',  1),
(400, 1,  'husband',  '', '2017-05-25 21:24:57',  1),
(406, 1,  'child',  '', '2017-05-26 08:53:32',  1),
(407, 1,  'kid',  '', '2017-05-26 08:53:32',  1),
(408, 1,  'youngster',  '', '2017-05-26 08:53:32',  1),
(411, 1,  'horse',  '', '2017-06-08 12:52:51',  1),
(424, 1,  'woman',  '', '2017-05-31 09:08:27',  1),
(425, 1,  'wife', '', '2017-05-31 09:08:27',  1),
(441, 1,  'sail', '', '2017-06-05 15:51:18',  3),
(443, 1,  'I',  '', '2017-06-06 16:51:07',  1),
(445, 1,  'have', '', '2017-06-06 16:57:14',  1),
(450, 1,  'fox',  '', '2017-06-08 13:58:15',  1),
(451, 1,  'vixen',  '', '2017-06-06 23:12:16',  1),
(458, 1,  'male', '', '2017-06-07 14:30:46',  1),
(459, 1,  'short male', '', '2017-06-07 14:30:46',  1),
(461, 1,  'guy who preforms a job', 'informal guy', '2017-06-08 13:45:00',  1),
(462, 1,  'little man', '', '2017-06-07 23:58:35',  1),
(463, 0,  'man',  '', '2017-06-08 13:49:59',  1),
(464, 1,  'bottle', '', '2017-06-08 14:04:18',  1),
(466, 1,  'the',  'defined article',  '2017-06-08 14:07:29',  1),
(467, 1,  'sunflower',  '*a pretty flower :)*', '2017-06-08 14:16:49',  1),
(470, 1,  'moon', '', '2017-06-23 19:31:34',  3),
(471, 1,  'luna', '', '2017-06-23 19:31:34',  3),
(473, 1,  'tree', '', '2017-07-17 14:07:42',  1),
(476, 0,  'man',  '', '2017-09-15 21:59:41',  1),
(482, 1,  'be', '', '2017-07-25 17:45:58',  1),
(485, 1,  'work', '', '2017-07-25 18:50:37',  1),
(490, 1,  'boy',  '', '2017-07-25 20:23:50',  1),
(493, 1,  'girl', '', '2017-07-25 20:27:14',  1),
(496, 1,  'pillow', '', '2017-07-25 20:28:15',  1),
(498, 1,  'save', '', '2017-07-27 10:38:50',  1),
(499, 1,  'saviour',  '', '2017-07-27 10:38:50',  1),
(510, 1,  'house',  '', '2017-07-31 13:52:05',  1),
(511, 1,  'ship', '', '2017-07-31 13:52:44',  1),
(517, 1,  'condition',  '', '2017-07-31 15:17:16',  1),
(520, 1,  'apple',  '', '2017-08-04 08:37:17',  1),
(523, 1,  'red',  '', '2017-08-04 13:57:44',  1),
(526, 1,  'moon shine', '', '2017-08-04 14:02:00',  1),
(528, 1,  'blue', '', '2017-08-04 14:03:03',  1),
(529, 1,  'yellow', '', '2017-08-04 14:04:28',  1),
(530, 1,  'purple', '', '2017-08-04 14:04:32',  1),
(533, 1,  'monkey', '', '2017-08-05 20:27:36',  3),
(534, 1,  'door', '', '2017-08-05 20:27:54',  3),
(535, 1,  'window', '', '2017-08-05 20:28:20',  3),
(536, 1,  'motorboat',  '', '2017-08-06 08:48:19',  3),
(537, 1,  'powerboat',  '', '2017-08-06 08:48:19',  3),
(538, 1,  'yacht',  '', '2017-08-06 08:48:19',  3),
(539, 1,  'lunar cycle',  '', '2017-08-06 08:50:15',  3),
(542, 1,  'me', '', '2017-08-07 07:45:55',  3),
(545, 1,  'donkey', '', '2017-08-07 08:37:05',  1),
(546, 1,  'ass',  '', '2017-08-07 08:37:05',  1),
(2001,  0,  'knaagdier',  '', '2017-08-09 21:25:17',  1),
(2002,  1,  'båt',  '', '2017-08-10 09:49:20',  1),
(2003,  1,  'flower', '', '2017-08-10 13:45:43',  1),
(2004,  15, 'hus',  '', '2017-08-11 08:02:40',  1),
(2005,  15, 'sovrum', '', '2017-08-11 08:02:46',  1),
(2006,  15, 'frälsa', '', '2017-08-11 08:09:59',  1),
(2007,  15, 'rädda',  '', '2017-08-11 08:09:59',  1),
(2008,  15, 'katt', '', '2017-08-11 08:10:06',  1),
(2009,  15, 'land', '', '2017-08-11 08:10:15',  1),
(2010,  15, 'län',  '', '2017-08-11 08:10:15',  1),
(2011,  15, 'båt',  '', '2017-08-11 08:10:22',  1),
(2012,  15, 'skep', '', '2017-08-11 08:10:22',  1),
(2013,  15, 'make', '', '2017-08-11 08:10:37',  1),
(2014,  15, 'kvinna', '', '2017-08-11 08:10:52',  1),
(2015,  15, 'hustru', '', '2017-08-11 08:10:52',  1),
(2016,  15, 'barn', '', '2017-08-11 08:10:59',  1),
(2017,  15, 'häst', '', '2017-08-11 08:13:06',  1),
(2018,  15, 'åsna', '', '2017-08-11 08:28:42',  1),
(2020,  15, 'hund', '', '2017-08-11 08:28:55',  1),
(2021,  15, 'segla',  '', '2017-08-11 08:29:00',  1),
(2022,  0,  'huichelaar', 'iemand die zich beter en eerlijker voordoet dan hij of zij is, of daarnaar handelt jegens anderen',  '2017-08-11 08:34:29',  1),
(2023,  1,  'translate',  '', '2017-08-11 08:36:42',  1),
(2024,  15, 'översätta',  '', '2017-08-11 08:36:42',  1),
(2025,  15, 'jag',  '', '2017-08-11 09:02:11',  1),
(2026,  15, 'mig',  '', '2017-08-11 09:02:11',  1),
(2027,  15, 'ha', '', '2017-08-11 09:02:39',  1),
(2028,  15, 'förfoga över', '', '2017-08-11 09:02:39',  1),
(2029,  15, 'räv',  '', '2017-08-11 09:02:44',  1),
(2030,  15, 'flaska', '', '2017-08-11 09:02:59',  1),
(2031,  15, 'solrosa',  '', '2017-08-11 09:03:11',  1),
(2032,  1,  'hypocrite',  '', '2017-08-11 09:03:55',  1),
(2033,  1,  'nice', '', '2017-08-15 22:06:35',  1),
(2034,  0,  'lustvol',  '', '2017-08-15 22:21:54',  1),
(2035,  1,  'horny',  '', '2017-08-15 22:21:54',  1),
(2036,  15, 'träd', '', '2017-08-30 15:28:41',  1),
(2037,  15, 'vara', '', '2017-08-30 15:28:52',  1),
(2038,  15, 'pojke',  '', '2017-08-30 15:28:58',  1),
(2039,  15, 'kille',  '', '2017-08-30 15:28:58',  1),
(2040,  15, 'flicka', '', '2017-08-30 15:29:05',  1),
(2041,  15, 'tjej', '', '2017-08-30 15:29:05',  1),
(2042,  15, 'kudde',  '', '2017-08-30 15:29:11',  1),
(2043,  15, 'äpple',  '', '2017-08-30 15:29:17',  1),
(2044,  15, 'månsken',  '', '2017-08-30 15:29:58',  1),
(2045,  15, 'röd',  '', '2017-08-30 15:30:05',  1),
(2046,  15, 'man',  '', '2017-09-03 22:10:37',  1),
(2047,  1,  'man',  '', '2017-09-17 09:24:50',  1),
(2048,  1,  'lamp', '', '2017-09-17 09:37:45',  1),
(2049,  1,  'light',  '', '2017-09-17 09:37:45',  1),
(2050,  15, 'lampa',  '', '2017-09-17 09:37:45',  1),
(2051,  15, 'ljus', '', '2017-09-17 09:37:45',  1),
(2052,  1,  'weather',  '', '2017-09-17 21:23:49',  1),
(2053,  15, 'väder',  '', '2017-09-17 21:23:49',  1);

DROP TABLE IF EXISTS `translation_alternatives`;
CREATE TABLE `translation_alternatives` (
  `id` int(11) NOT NULL AUTO_INCREMENT,
  `translation_id` int(11) NOT NULL,
  `alternative` varchar(255) COLLATE utf8mb4_unicode_ci NOT NULL,
  PRIMARY KEY (`id`),
  KEY `translation_id` (`translation_id`),
  CONSTRAINT `translation_alternatives_ibfk_1` FOREIGN KEY (`translation_id`) REFERENCES `translations` (`id`)
) ENGINE=InnoDB DEFAULT CHARSET=utf8mb4 COLLATE=utf8mb4_unicode_ci;


DROP TABLE IF EXISTS `translation_exceptions`;
CREATE TABLE `translation_exceptions` (
  `id` int(11) NOT NULL AUTO_INCREMENT,
  `word_id` int(11) NOT NULL,
  `language_id` int(11) NOT NULL,
  `user_id` int(11) NOT NULL,
  PRIMARY KEY (`id`),
  KEY `user_id` (`user_id`),
  KEY `word_id` (`word_id`),
  KEY `language_id` (`language_id`),
  CONSTRAINT `translation_exceptions_ibfk_3` FOREIGN KEY (`user_id`) REFERENCES `users` (`id`),
  CONSTRAINT `translation_exceptions_ibfk_4` FOREIGN KEY (`word_id`) REFERENCES `words` (`id`) ON DELETE CASCADE,
  CONSTRAINT `translation_exceptions_ibfk_5` FOREIGN KEY (`language_id`) REFERENCES `languages` (`id`) ON DELETE CASCADE
) ENGINE=InnoDB DEFAULT CHARSET=utf8mb4 COLLATE=utf8mb4_unicode_ci;

INSERT INTO `translation_exceptions` (`id`, `word_id`, `language_id`, `user_id`) VALUES
(9, 24, 15, 1),
(11,  28, 15, 1),
(12,  65, 1,  1);

DROP TABLE IF EXISTS `translation_words`;
CREATE TABLE `translation_words` (
  `id` int(11) NOT NULL AUTO_INCREMENT,
  `word_id` int(11) NOT NULL,
  `translation_id` int(11) NOT NULL,
  `specification` varchar(255) COLLATE utf8mb4_unicode_ci NOT NULL,
  PRIMARY KEY (`id`),
  KEY `translation_id` (`translation_id`),
  KEY `word_id` (`word_id`),
  CONSTRAINT `translation_words_ibfk_5` FOREIGN KEY (`translation_id`) REFERENCES `translations` (`id`) ON DELETE CASCADE,
  CONSTRAINT `translation_words_ibfk_6` FOREIGN KEY (`word_id`) REFERENCES `words` (`id`) ON DELETE CASCADE
) ENGINE=InnoDB DEFAULT CHARSET=utf8mb4 COLLATE=utf8mb4_unicode_ci;

INSERT INTO `translation_words` (`id`, `word_id`, `translation_id`, `specification`) VALUES
(4, 2,  375,  ''),
(6, 2,  378,  ''),
(28,  6,  386,  ''),
(34,  8,  392,  ''),
(35,  8,  393,  ''),
(51,  12, 400,  ''),
(55,  14, 406,  ''),
(56,  14, 407,  ''),
(57,  14, 408,  ''),
(60,  15, 411,  ''),
(81,  13, 424,  'female human being'),
(82,  13, 425,  ''),
(85,  18, 388,  ''),
(86,  18, 389,  ''),
(107, 19, 441,  ''),
(111, 21, 443,  ''),
(113, 22, 445,  ''),
(119, 23, 450,  ''),
(120, 23, 451,  ''),
(122, 24, 451,  ''),
(140, 27, 464,  ''),
(143, 28, 466,  'article'),
(144, 30, 466,  'article'),
(145, 31, 467,  ''),
(148, 33, 470,  ''),
(149, 33, 471,  ''),
(151, 34, 473,  ''),
(154, 17, 476,  ''),
(155, 17, 400,  ''),
(162, 35, 482,  ''),
(170, 37, 490,  ''),
(173, 38, 493,  ''),
(176, 39, 496,  ''),
(178, 3,  498,  ''),
(179, 3,  499,  ''),
(190, 1,  510,  ''),
(191, 10, 511,  ''),
(197, 32, 517,  ''),
(200, 40, 520,  ''),
(206, 42, 526,  ''),
(208, 43, 523,  ''),
(212, 45, 528,  ''),
(213, 46, 529,  ''),
(214, 47, 530,  ''),
(217, 48, 533,  ''),
(218, 49, 534,  ''),
(219, 50, 535,  ''),
(220, 51, 536,  ''),
(221, 51, 537,  ''),
(222, 51, 538,  ''),
(223, 52, 539,  ''),
(228, 21, 542,  ''),
(231, 16, 545,  ''),
(232, 16, 546,  'bit vulgar'),
(236, 9,  2002, ''),
(237, 60, 2003, ''),
(238, 1,  2004, ''),
(239, 2,  2005, ''),
(240, 3,  2006, ''),
(241, 3,  2007, ''),
(242, 6,  2008, ''),
(243, 8,  2009, ''),
(244, 8,  2010, ''),
(245, 9,  2011, ''),
(246, 9,  2012, ''),
(247, 10, 2012, ''),
(248, 10, 2011, ''),
(249, 12, 2013, ''),
(250, 13, 2014, ''),
(251, 13, 2015, ''),
(252, 14, 2016, ''),
(253, 15, 2017, ''),
(254, 16, 2018, ''),
(257, 18, 2020, ''),
(258, 19, 2021, ''),
(259, 61, 2022, ''),
(260, 62, 2023, ''),
(261, 62, 2024, ''),
(262, 21, 2025, ''),
(263, 21, 2026, ''),
(264, 22, 2027, ''),
(265, 22, 2028, ''),
(266, 23, 2029, ''),
(267, 27, 2030, ''),
(268, 31, 2031, ''),
(269, 61, 2032, ''),
(270, 63, 2033, ''),
(271, 64, 2034, ''),
(272, 64, 2035, ''),
(273, 34, 2036, ''),
(274, 35, 2037, ''),
(275, 37, 2038, ''),
(276, 37, 2039, ''),
(277, 38, 2040, ''),
(278, 38, 2041, ''),
(279, 39, 2042, ''),
(280, 40, 2043, ''),
(281, 42, 2044, ''),
(282, 43, 2045, ''),
(283, 17, 2046, ''),
(284, 17, 2047, ''),
(285, 65, 2048, ''),
(286, 65, 2049, ''),
(287, 65, 2050, ''),
(288, 65, 2051, ''),
(289, 68, 2052, ''),
(290, 68, 2053, '');

DROP TABLE IF EXISTS `types`;
CREATE TABLE `types` (
  `id` int(11) NOT NULL AUTO_INCREMENT,
  `name` varchar(255) NOT NULL,
  `short_name` varchar(255) NOT NULL,
  `inflect_classifications` int(11) NOT NULL,
  `inflect_not` int(11) NOT NULL DEFAULT '0',
  PRIMARY KEY (`id`)
) ENGINE=InnoDB DEFAULT CHARSET=latin1;

INSERT INTO `types` (`id`, `name`, `short_name`, `inflect_classifications`, `inflect_not`) VALUES
(1, 'noun', 'n.', 0,  0),
(2, 'verb', 'v',  0,  0),
(3, 'name', 'nm.',  0,  1),
(4, 'pronoun',  'pn.',  0,  0),
(5, 'adjective',  'adj.', 1,  0),
(7, 'conjunction',  'conj.',  0,  1),
(8, 'preposition',  'pp.',  0,  1),
(10,  'article',  'art.', 0,  0),
(11,  'determiner', 'det.', 0,  0),
(12,  'prefix', 'pre.', 0,  1),
(13,  'suffix', 'suf.', 0,  1),
(16,  'Adverb', 'adv.', 1,  1);

DROP TABLE IF EXISTS `usage_notes`;
CREATE TABLE `usage_notes` (
  `id` int(11) NOT NULL AUTO_INCREMENT,
  `word_id` int(11) NOT NULL,
  `last_update` timestamp NOT NULL DEFAULT CURRENT_TIMESTAMP ON UPDATE CURRENT_TIMESTAMP,
  `created_on` timestamp NOT NULL DEFAULT '0000-00-00 00:00:00',
  `user_id` int(11) NOT NULL,
  `contents` text COLLATE utf8mb4_unicode_ci NOT NULL,
  PRIMARY KEY (`id`),
  KEY `user_id` (`user_id`),
  KEY `word_id` (`word_id`),
  CONSTRAINT `usage_notes_ibfk_2` FOREIGN KEY (`user_id`) REFERENCES `users` (`id`),
  CONSTRAINT `usage_notes_ibfk_3` FOREIGN KEY (`word_id`) REFERENCES `words` (`id`) ON DELETE CASCADE
) ENGINE=InnoDB DEFAULT CHARSET=utf8mb4 COLLATE=utf8mb4_unicode_ci;

INSERT INTO `usage_notes` (`id`, `word_id`, `last_update`, `created_on`, `user_id`, `contents`) VALUES
(38,  17, '2017-06-07 00:04:18',  '2017-06-07 00:04:18',  1,  'This word is very common in Dutch.'),
(39,  16, '2017-07-15 23:53:54',  '2017-07-15 23:53:54',  1,  'Een ezel is een dier');

DROP TABLE IF EXISTS `users`;
CREATE TABLE `users` (
  `id` int(11) NOT NULL AUTO_INCREMENT,
  `longname` varchar(255) NOT NULL,
  `username` varchar(255) NOT NULL,
  `password` varchar(255) NOT NULL,
  `reg_date` timestamp NOT NULL DEFAULT CURRENT_TIMESTAMP ON UPDATE CURRENT_TIMESTAMP,
  `role` int(11) NOT NULL,
  `avatar` varchar(255) NOT NULL,
  `activated` int(11) NOT NULL,
  `might_be_banned` int(11) NOT NULL,
  `email` varchar(255) NOT NULL,
  `disable_notifications` int(11) NOT NULL,
  `about` tinytext CHARACTER SET utf8 COLLATE utf8_unicode_ci NOT NULL,
  PRIMARY KEY (`id`)
) ENGINE=InnoDB DEFAULT CHARSET=latin1;

INSERT INTO `users` (`id`, `longname`, `username`, `password`, `reg_date`, `role`, `avatar`, `activated`, `might_be_banned`, `email`, `disable_notifications`, `about`) VALUES
(0, 'Guest',  'guest',  '', '2017-08-24 12:04:51',  4,  '', 1,  0,  'niet@veel.com',  0,  ''),
(1, 'Thomas de Roo',  'blekerfeld', '70674e943bcd2ce395ff619cff93c980f1cec914445cd69a30d612c7988e9966', '2017-08-24 16:09:43',  0,  'https://avatars3.githubusercontent.com/u/13293128?v=3&s=460',  1,  0,  'thomas@localhost', 0,  ''),
(3, 'Mr. Donut',  'donut',  'e69fd784f93f82eb6bf5148f0a0e3f5282df5ac10427ab3d6704799adca95a07', '2017-08-24 12:04:51',  0,  '', 1,  0,  'niet@veel.com',  0,  '');

DROP TABLE IF EXISTS `user_activation`;
CREATE TABLE `user_activation` (
  `id` int(11) NOT NULL AUTO_INCREMENT,
  `user_id` int(11) NOT NULL,
  `untill` timestamp NOT NULL DEFAULT CURRENT_TIMESTAMP ON UPDATE CURRENT_TIMESTAMP,
  `token` varchar(255) COLLATE utf8_unicode_ci NOT NULL,
  `ipadress` varchar(255) COLLATE utf8_unicode_ci NOT NULL,
  PRIMARY KEY (`id`),
  KEY `user_id` (`user_id`),
  CONSTRAINT `user_activation_ibfk_1` FOREIGN KEY (`user_id`) REFERENCES `users` (`id`) ON DELETE CASCADE
) ENGINE=InnoDB DEFAULT CHARSET=utf8 COLLATE=utf8_unicode_ci;

INSERT INTO `user_activation` (`id`, `user_id`, `untill`, `token`, `ipadress`) VALUES
(14,  0,  '2017-08-27 11:35:57',  '823739yP:0', '::1'),
(15,  0,  '2017-08-27 11:35:57',  '823739yP:0', '::1'),
(16,  0,  '2017-08-27 11:36:00',  '823738yP:0', '::1'),
(17,  0,  '2017-08-27 11:36:29',  '8237bcyP:0', '::1'),
(18,  0,  '2017-08-27 11:36:33',  '82377eyP:0', '::1'),
(19,  1,  '2017-08-27 11:37:47',  '87426bkA:1', '::1'),
(20,  0,  '2017-08-27 12:25:32',  'b658a2yP:0', '::1'),
(21,  0,  '2017-08-27 12:27:04',  'b658b7yP:0', '::1'),
(22,  0,  '2017-09-05 20:56:45',  '18fed2yP:0', '::1');

DROP TABLE IF EXISTS `words`;
CREATE TABLE `words` (
  `id` int(11) NOT NULL AUTO_INCREMENT,
  `native` varchar(255) COLLATE utf8_unicode_ci NOT NULL,
  `lexical_form` varchar(255) COLLATE utf8_unicode_ci NOT NULL,
  `ipa` varchar(255) COLLATE utf8_unicode_ci NOT NULL,
  `hidden` int(11) NOT NULL,
  `type_id` int(11) NOT NULL,
  `classification_id` int(11) NOT NULL,
  `subclassification_id` int(11) NOT NULL,
  `created` timestamp NULL DEFAULT CURRENT_TIMESTAMP,
  `updated` timestamp NULL DEFAULT NULL ON UPDATE CURRENT_TIMESTAMP,
  `created_by` int(11) DEFAULT NULL,
  `image` varchar(255) COLLATE utf8_unicode_ci DEFAULT NULL,
  PRIMARY KEY (`id`),
  KEY `type_id` (`type_id`),
  KEY `classification_id` (`classification_id`),
  KEY `created_by` (`created_by`),
  KEY `subclassification_id` (`subclassification_id`),
  CONSTRAINT `words_ibfk_4` FOREIGN KEY (`created_by`) REFERENCES `users` (`id`) ON DELETE SET NULL,
  CONSTRAINT `words_ibfk_5` FOREIGN KEY (`type_id`) REFERENCES `types` (`id`) ON DELETE CASCADE
) ENGINE=InnoDB DEFAULT CHARSET=utf8 COLLATE=utf8_unicode_ci;

INSERT INTO `words` (`id`, `native`, `lexical_form`, `ipa`, `hidden`, `type_id`, `classification_id`, `subclassification_id`, `created`, `updated`, `created_by`, `image`) VALUES
(1, 'huis', '', 'hœy;s',  1,  1,  3,  0,  '2017-09-17 22:37:24',  '2017-09-17 22:37:24',  1,  NULL),
(2, 'slaapkamer', '', 'sla:pka:mər',  0,  1,  1,  0,  '2017-05-25 19:41:38',  '2017-05-25 19:41:38',  1,  NULL),
(3, 'verlossen',  '', 'vər.loss.n', 1,  2,  5,  0,  '2017-07-27 10:39:04',  '2017-07-27 10:39:04',  1,  NULL),
(6, 'kat',  '', 'kɑ:t', 0,  1,  1,  0,  '2017-08-07 14:16:42',  '2017-08-07 14:16:42',  1,  NULL),
(8, 'land', '', 'lɑnt', 0,  1,  3,  0,  '0000-00-00 00:00:00',  '2017-05-25 20:40:56',  1,  NULL),
(9, 'boot', '', 'bo:t', 0,  1,  2,  0,  '2017-08-07 21:05:47',  '2017-08-07 21:05:47',  1,  NULL),
(10,  'schip',  '', 'sxɪp', 0,  1,  3,  0,  '2017-08-04 13:59:43',  '2017-08-04 13:59:43',  1,  NULL),
(12,  'echtgenoot', '', 'extxɛno:t',  0,  1,  2,  0,  '2017-05-31 12:38:20',  '2017-05-31 12:38:20',  1,  NULL),
(13,  'vrouw',  '', 'vrau', 0,  1,  2,  0,  '2017-07-02 11:30:37',  '2017-07-02 11:30:37',  1,  NULL),
(14,  'kind', '', 'kɪnt', 0,  1,  3,  0,  '0000-00-00 00:00:00',  '2017-05-26 08:53:32',  1,  NULL),
(15,  'paard',  '', 'pa:rt',  0,  1,  3,  0,  '0000-00-00 00:00:00',  '2017-05-26 10:49:16',  1,  NULL),
(16,  'ezel', '', 'e:zel',  0,  1,  1,  0,  '2017-08-07 08:37:05',  '2017-08-07 08:37:05',  1,  NULL),
(17,  'man',  '', 'man',  0,  1,  1,  0,  '2017-09-17 09:24:50',  '2017-09-17 09:24:50',  1,  NULL),
(18,  'hond', '', 'hont', 0,  1,  1,  0,  '0000-00-00 00:00:00',  '2017-05-31 09:14:03',  1,  NULL),
(19,  'zeilen', '', 'zeilen', 0,  2,  5,  0,  '0000-00-00 00:00:00',  '2017-06-05 15:51:17',  3,  NULL),
(21,  'ik', '', 'ɪk', 0,  4,  8,  0,  '2017-08-07 07:45:55',  '2017-08-07 07:45:55',  3,  NULL),
(22,  'hebben', '', 'hɛb.(ə)n', 0,  2,  6,  0,  '2017-06-06 16:57:47',  '2017-06-06 16:57:47',  1,  NULL),
(23,  'vos',  '', 'vɔs',  0,  1,  1,  0,  '2017-06-23 18:55:12',  '2017-06-23 18:55:12',  3,  NULL),
(24,  'vossin', '', 'vɔs.ɪn', 0,  1,  2,  0,  '0000-00-00 00:00:00',  '2017-06-06 23:13:57',  1,  NULL),
(27,  'fles', '', 'fles', 0,  1,  1,  0,  '0000-00-00 00:00:00',  '2017-06-08 14:04:18',  1,  NULL),
(28,  'de', '', 'də', 0,  10, 1,  0,  '2017-06-08 14:09:45',  '2017-06-08 14:09:45',  1,  NULL),
(30,  'het',  '', 'hət',  0,  10, 3,  0,  '0000-00-00 00:00:00',  '2017-06-08 14:08:08',  1,  NULL),
(31,  'zonnebloem', '', 'son.əblum',  0,  1,  1,  0,  '0000-00-00 00:00:00',  '2017-06-08 14:15:58',  1,  NULL),
(32,  'fitheid',  '', 'fitheid',  0,  1,  1,  0,  '0000-00-00 00:00:00',  '2017-06-11 12:03:50',  3,  NULL),
(33,  'maan', '', 'maːn', 0,  1,  1,  0,  '0000-00-00 00:00:00',  '2017-06-23 19:31:34',  3,  NULL),
(34,  'boom', '', 'boːm', 0,  1,  1,  0,  '0000-00-00 00:00:00',  '2017-07-17 14:07:42',  1,  NULL),
(35,  'zijn', '', 'zijn', 0,  2,  6,  0,  '0000-00-00 00:00:00',  '2017-07-25 17:09:22',  1,  NULL),
(37,  'jongen', '', 'jongen', 0,  1,  1,  0,  '2017-07-25 20:26:22',  '2017-07-25 20:26:22',  1,  NULL),
(38,  'meisje', '', 'meisje', 0,  1,  1,  0,  '0000-00-00 00:00:00',  '2017-07-25 20:27:14',  1,  NULL),
(39,  'kussen', '', 'kussen', 0,  1,  3,  0,  '0000-00-00 00:00:00',  '2017-07-25 20:28:15',  1,  NULL),
(40,  'appel',  '', 'ap.əl',  0,  1,  1,  0,  '0000-00-00 00:00:00',  '2017-08-04 08:37:17',  1,  NULL),
(42,  'maneschijn', '', 'ma:nəsxɛi:n',  0,  1,  1,  0,  '2017-08-15 21:15:22',  '2017-08-15 21:15:22',  1,  NULL),
(43,  'rood', '', 'ro:t', 0,  5,  1,  0,  '0000-00-00 00:00:00',  '2017-08-04 14:02:43',  1,  NULL),
(45,  'blauw',  '', 'blauw',  0,  5,  1,  0,  '2017-08-15 21:52:38',  '2017-08-15 21:52:38',  1,  NULL),
(46,  'geel', '', 'xe:l', 0,  5,  1,  0,  '0000-00-00 00:00:00',  '2017-08-04 14:03:57',  1,  NULL),
(47,  'paars',  '', 'pa:rs',  0,  5,  1,  0,  '0000-00-00 00:00:00',  '2017-08-04 14:04:09',  1,  NULL),
(48,  'aap',  '', 'a:p',  0,  1,  1,  0,  '0000-00-00 00:00:00',  '2017-08-05 20:27:36',  3,  NULL),
(49,  'deur', '', 'dø:r', 0,  1,  1,  0,  '0000-00-00 00:00:00',  '2017-08-05 20:27:54',  3,  NULL),
(50,  'raam', '', 'ra:m', 0,  1,  3,  0,  '0000-00-00 00:00:00',  '2017-08-05 20:28:20',  3,  NULL),
(51,  'motorboot',  '', 'mo:tərbo:t', 0,  1,  1,  0,  '0000-00-00 00:00:00',  '2017-08-06 08:48:19',  3,  NULL),
(52,  'maancyclus', '', 'ma:nsikləs', 0,  1,  1,  0,  '0000-00-00 00:00:00',  '2017-08-06 08:50:15',  3,  NULL),
(60,  'bloem',  '', 'blu:m',  1,  1,  1,  0,  '2017-08-10 13:44:21',  '2017-08-10 13:44:21',  1,  NULL),
(61,  'hypocriet',  '', 'hi:po\\\'kri:t', 0,  1,  1,  0,  '0000-00-00 00:00:00',  '2017-08-11 08:34:05',  1,  NULL),
(62,  'vertalen', '', 'vɛr.ta:lən', 0,  2,  5,  0,  '0000-00-00 00:00:00',  '2017-08-11 08:36:42',  1,  NULL),
(63,  'leuk', '', 'lø:k', 0,  5,  0,  0,  '0000-00-00 00:00:00',  '2017-08-15 22:06:34',  1,  NULL),
(65,  'lamp', '', 'lah:mp', 0,  1,  1,  0,  '2017-09-17 09:37:45',  '2017-09-17 09:37:45',  1,  NULL),
(67,  'muur', '', 'mu:r', 0,  1,  1,  0,  '0000-00-00 00:00:00',  '2017-09-02 19:20:25',  1,  NULL),
(68,  'weer', '', 'wɪr',  0,  1,  3,  0,  '0000-00-00 00:00:00',  '2017-09-17 21:23:49',  1,  NULL),
(69,  'varken', '', 'varken', 0,  1,  1,  0,  '0000-00-00 00:00:00',  '2017-09-17 22:44:25',  1,  NULL);

-- 2017-09-17 22:49:07
